file,monitor,region_id,status,start_datetime,stop_datetime,sex,genotype,temp,treatment
Monitor37.txt,M37,1,OK,2024-11-22 09:05:00,2024-11-30 09:05:00,M,CS 12:12,21.5C,CS 12:12
Monitor37.txt,M37,2,OK,2024-11-22 09:05:00,2024-11-30 09:05:00,M,CS 12:12,21.5C,CS 12:12
Monitor37.txt,M37,3,OK,2024-11-22 09:05:00,2024-11-30 09:05:00,M,CS 12:12,21.5C,CS 12:12
Monitor37.txt,M37,4,OK,2024-11-22 09:05:00,2024-11-30 09:05:00,M,CS 12:12,21.5C,CS 12:12
Monitor37.txt,M37,5,OK,2024-11-22 09:05:00,2024-11-30 09:05:00,M,CS 12:12,21.5C,CS 12:12
Monitor37.txt,M37,6,OK,2024-11-22 09:05:00,2024-11-30 09:05:00,M,CS 12:12,21.5C,CS 12:12
Monitor37.txt,M37,7,OK,2024-11-22 09:05:00,2024-11-30 09:05:00,M,CS 12:12,21.5C,CS 12:12
Monitor37.txt,M37,8,OK,2024-11-22 09:05:00,2024-11-30 09:05:00,M,CS 12:12,21.5C,CS 12:12
Monitor37.txt,M37,9,OK,2024-11-22 09:05:00,2024-11-30 09:05:00,M,CS 12:12,21.5C,CS 12:12
Monitor37.txt,M37,10,OK,2024-11-22 09:05:00,2024-11-30 09:05:00,M,CS 12:12,21.5C,CS 12:12
Monitor37.txt,M37,11,OK,2024-11-22 09:05:00,2024-11-30 09:05:00,M,CS 12:12,21.5C,CS 12:12
Monitor37.txt,M37,12,OK,2024-11-22 09:05:00,2024-11-30 09:05:00,M,CS 12:12,21.5C,CS 12:12
Monitor37.txt,M37,13,OK,2024-11-22 09:05:00,2024-11-30 09:05:00,M,CS 12:12,21.5C,CS 12:12
Monitor37.txt,M37,14,OK,2024-11-22 09:05:00,2024-11-30 09:05:00,M,CS 12:12,21.5C,CS 12:12
Monitor37.txt,M37,15,OK,2024-11-22 09:05:00,2024-11-30 09:05:00,M,CS 12:12,21.5C,CS 12:12
Monitor37.txt,M37,16,OK,2024-11-22 09:05:00,2024-11-30 09:05:00,M,CS 12:12,21.5C,CS 12:12
Monitor37.txt,M37,17,OK,2024-11-22 09:05:00,2024-11-30 09:05:00,M,CS 12:12,21.5C,CS 12:12
Monitor37.txt,M37,18,OK,2024-11-22 09:05:00,2024-11-30 09:05:00,M,CS 12:12,21.5C,CS 12:12
Monitor37.txt,M37,19,OK,2024-11-22 09:05:00,2024-11-30 09:05:00,M,CS 12:12,21.5C,CS 12:12
Monitor37.txt,M37,20,OK,2024-11-22 09:05:00,2024-11-30 09:05:00,M,CS 12:12,21.5C,CS 12:12
Monitor37.txt,M37,21,OK,2024-11-22 09:05:00,2024-11-30 09:05:00,M,CS 12:12,21.5C,CS 12:12
Monitor37.txt,M37,22,OK,2024-11-22 09:05:00,2024-11-30 09:05:00,M,CS 12:12,21.5C,CS 12:12
Monitor37.txt,M37,23,OK,2024-11-22 09:05:00,2024-11-30 09:05:00,M,CS 12:12,21.5C,CS 12:12
Monitor37.txt,M37,24,OK,2024-11-22 09:05:00,2024-11-30 09:05:00,M,CS 12:12,21.5C,CS 12:12
Monitor37.txt,M37,25,OK,2024-11-22 09:05:00,2024-11-30 09:05:00,M,CS 12:12,21.5C,CS 12:12
Monitor37.txt,M37,26,OK,2024-11-22 09:05:00,2024-11-30 09:05:00,M,CS 12:12,21.5C,CS 12:12
Monitor37.txt,M37,27,OK,2024-11-22 09:05:00,2024-11-30 09:05:00,M,CS 12:12,21.5C,CS 12:12
Monitor37.txt,M37,28,OK,2024-11-22 09:05:00,2024-11-30 09:05:00,M,CS 12:12,21.5C,CS 12:12
Monitor37.txt,M37,29,OK,2024-11-22 09:05:00,2024-11-30 09:05:00,M,CS 12:12,21.5C,CS 12:12
Monitor37.txt,M37,30,OK,2024-11-22 09:05:00,2024-11-30 09:05:00,M,CS 12:12,21.5C,CS 12:12
Monitor37.txt,M37,31,OK,2024-11-22 09:05:00,2024-11-30 09:05:00,M,CS 12:12,21.5C,CS 12:12
Monitor37.txt,M37,32,OK,2024-11-22 09:05:00,2024-11-30 09:05:00,M,CS 12:12,21.5C,CS 12:12
Monitor42.txt,M42,1,OK,2024-11-22 09:05:00,2024-11-30 09:05:00,M,CS 8:16,21.5C,CS 8:16
Monitor42.txt,M42,2,OK,2024-11-22 09:05:00,2024-11-30 09:05:00,M,CS 8:16,21.5C,CS 8:16
Monitor42.txt,M42,3,OK,2024-11-22 09:05:00,2024-11-30 09:05:00,M,CS 8:16,21.5C,CS 8:16
Monitor42.txt,M42,4,OK,2024-11-22 09:05:00,2024-11-30 09:05:00,M,CS 8:16,21.5C,CS 8:16
Monitor42.txt,M42,5,OK,2024-11-22 09:05:00,2024-11-30 09:05:00,M,CS 8:16,21.5C,CS 8:16
Monitor42.txt,M42,6,OK,2024-11-22 09:05:00,2024-11-30 09:05:00,M,CS 8:16,21.5C,CS 8:16
Monitor42.txt,M42,7,OK,2024-11-22 09:05:00,2024-11-30 09:05:00,M,CS 8:16,21.5C,CS 8:16
Monitor42.txt,M42,8,OK,2024-11-22 09:05:00,2024-11-30 09:05:00,M,CS 8:16,21.5C,CS 8:16
Monitor42.txt,M42,9,OK,2024-11-22 09:05:00,2024-11-30 09:05:00,M,CS 8:16,21.5C,CS 8:16
Monitor42.txt,M42,10,OK,2024-11-22 09:05:00,2024-11-30 09:05:00,M,CS 8:16,21.5C,CS 8:16
Monitor42.txt,M42,11,OK,2024-11-22 09:05:00,2024-11-30 09:05:00,M,CS 8:16,21.5C,CS 8:16
Monitor42.txt,M42,12,OK,2024-11-22 09:05:00,2024-11-30 09:05:00,M,CS 8:16,21.5C,CS 8:16
Monitor42.txt,M42,13,OK,2024-11-22 09:05:00,2024-11-30 09:05:00,M,CS 8:16,21.5C,CS 8:16
Monitor42.txt,M42,14,OK,2024-11-22 09:05:00,2024-11-30 09:05:00,M,CS 8:16,21.5C,CS 8:16
Monitor42.txt,M42,15,OK,2024-11-22 09:05:00,2024-11-30 09:05:00,M,CS 8:16,21.5C,CS 8:16
Monitor42.txt,M42,16,OK,2024-11-22 09:05:00,2024-11-30 09:05:00,M,CS 8:16,21.5C,CS 8:16
Monitor42.txt,M42,17,OK,2024-11-22 09:05:00,2024-11-30 09:05:00,M,CS 8:16,21.5C,CS 8:16
Monitor42.txt,M42,18,OK,2024-11-22 09:05:00,2024-11-30 09:05:00,M,CS 8:16,21.5C,CS 8:16
Monitor42.txt,M42,19,OK,2024-11-22 09:05:00,2024-11-30 09:05:00,M,CS 8:16,21.5C,CS 8:16
Monitor42.txt,M42,20,OK,2024-11-22 09:05:00,2024-11-30 09:05:00,M,CS 8:16,21.5C,CS 8:16
Monitor42.txt,M42,21,OK,2024-11-22 09:05:00,2024-11-30 09:05:00,M,CS 8:16,21.5C,CS 8:16
Monitor42.txt,M42,22,OK,2024-11-22 09:05:00,2024-11-30 09:05:00,M,CS 8:16,21.5C,CS 8:16
Monitor42.txt,M42,23,OK,2024-11-22 09:05:00,2024-11-30 09:05:00,M,CS 8:16,21.5C,CS 8:16
Monitor42.txt,M42,24,OK,2024-11-22 09:05:00,2024-11-30 09:05:00,M,CS 8:16,21.5C,CS 8:16
Monitor42.txt,M42,25,OK,2024-11-22 09:05:00,2024-11-30 09:05:00,M,CS 8:16,21.5C,CS 8:16
Monitor42.txt,M42,26,OK,2024-11-22 09:05:00,2024-11-30 09:05:00,M,CS 8:16,21.5C,CS 8:16
Monitor42.txt,M42,27,OK,2024-11-22 09:05:00,2024-11-30 09:05:00,M,CS 8:16,21.5C,CS 8:16
Monitor42.txt,M42,28,OK,2024-11-22 09:05:00,2024-11-30 09:05:00,M,CS 8:16,21.5C,CS 8:16
Monitor42.txt,M42,29,OK,2024-11-22 09:05:00,2024-11-30 09:05:00,M,CS 8:16,21.5C,CS 8:16
Monitor42.txt,M42,30,OK,2024-11-22 09:05:00,2024-11-30 09:05:00,M,CS 8:16,21.5C,CS 8:16
Monitor42.txt,M42,31,OK,2024-11-22 09:05:00,2024-11-30 09:05:00,M,CS 8:16,21.5C,CS 8:16
Monitor42.txt,M42,32,OK,2024-11-22 09:05:00,2024-11-30 09:05:00,M,CS 8:16,21.5C,CS 8:16
Monitor44.txt,M44,1,OK,2024-11-22 09:05:00,2024-11-30 09:05:00,M,SIP_S1_1 12:12,21.5C,SIP_S1_1 12:12
Monitor44.txt,M44,2,OK,2024-11-22 09:05:00,2024-11-30 09:05:00,M,SIP_S1_1 12:12,21.5C,SIP_S1_1 12:12
Monitor44.txt,M44,3,OK,2024-11-22 09:05:00,2024-11-30 09:05:00,M,SIP_S1_1 12:12,21.5C,SIP_S1_1 12:12
Monitor44.txt,M44,4,OK,2024-11-22 09:05:00,2024-11-30 09:05:00,M,SIP_S1_1 12:12,21.5C,SIP_S1_1 12:12
Monitor44.txt,M44,5,OK,2024-11-22 09:05:00,2024-11-30 09:05:00,M,SIP_S1_1 12:12,21.5C,SIP_S1_1 12:12
Monitor44.txt,M44,6,OK,2024-11-22 09:05:00,2024-11-30 09:05:00,M,SIP_S1_1 12:12,21.5C,SIP_S1_1 12:12
Monitor44.txt,M44,7,OK,2024-11-22 09:05:00,2024-11-30 09:05:00,M,SIP_S1_1 12:12,21.5C,SIP_S1_1 12:12
Monitor44.txt,M44,8,OK,2024-11-22 09:05:00,2024-11-30 09:05:00,M,SIP_S1_1 12:12,21.5C,SIP_S1_1 12:12
Monitor44.txt,M44,9,OK,2024-11-22 09:05:00,2024-11-30 09:05:00,M,SIP_S1_1 12:12,21.5C,SIP_S1_1 12:12
Monitor44.txt,M44,10,OK,2024-11-22 09:05:00,2024-11-30 09:05:00,M,SIP_S1_1 12:12,21.5C,SIP_S1_1 12:12
Monitor44.txt,M44,11,OK,2024-11-22 09:05:00,2024-11-30 09:05:00,M,SIP_S1_1 12:12,21.5C,SIP_S1_1 12:12
Monitor44.txt,M44,12,OK,2024-11-22 09:05:00,2024-11-30 09:05:00,M,SIP_S1_1 12:12,21.5C,SIP_S1_1 12:12
Monitor44.txt,M44,13,OK,2024-11-22 09:05:00,2024-11-30 09:05:00,M,SIP_S1_1 12:12,21.5C,SIP_S1_1 12:12
Monitor44.txt,M44,14,OK,2024-11-22 09:05:00,2024-11-30 09:05:00,M,SIP_S1_1 12:12,21.5C,SIP_S1_1 12:12
Monitor44.txt,M44,15,OK,2024-11-22 09:05:00,2024-11-30 09:05:00,M,SIP_S1_1 12:12,21.5C,SIP_S1_1 12:12
Monitor44.txt,M44,16,OK,2024-11-22 09:05:00,2024-11-30 09:05:00,M,SIP_S1_1 12:12,21.5C,SIP_S1_1 12:12
Monitor44.txt,M44,17,OK,2024-11-22 09:05:00,2024-11-30 09:05:00,M,SIP_S1_1 12:12,21.5C,SIP_S1_1 12:12
Monitor44.txt,M44,18,OK,2024-11-22 09:05:00,2024-11-30 09:05:00,M,SIP_S1_1 12:12,21.5C,SIP_S1_1 12:12
Monitor44.txt,M44,19,OK,2024-11-22 09:05:00,2024-11-30 09:05:00,M,SIP_S1_1 12:12,21.5C,SIP_S1_1 12:12
Monitor44.txt,M44,20,OK,2024-11-22 09:05:00,2024-11-30 09:05:00,M,SIP_S1_1 12:12,21.5C,SIP_S1_1 12:12
Monitor44.txt,M44,21,OK,2024-11-22 09:05:00,2024-11-30 09:05:00,M,SIP_S1_1 12:12,21.5C,SIP_S1_1 12:12
Monitor44.txt,M44,22,OK,2024-11-22 09:05:00,2024-11-30 09:05:00,M,SIP_S1_1 12:12,21.5C,SIP_S1_1 12:12
Monitor44.txt,M44,23,OK,2024-11-22 09:05:00,2024-11-30 09:05:00,M,SIP_S1_1 12:12,21.5C,SIP_S1_1 12:12
Monitor44.txt,M44,24,OK,2024-11-22 09:05:00,2024-11-30 09:05:00,M,SIP_S1_1 12:12,21.5C,SIP_S1_1 12:12
Monitor44.txt,M44,25,OK,2024-11-22 09:05:00,2024-11-30 09:05:00,M,SIP_S1_1 12:12,21.5C,SIP_S1_1 12:12
Monitor44.txt,M44,26,OK,2024-11-22 09:05:00,2024-11-30 09:05:00,M,SIP_S1_1 12:12,21.5C,SIP_S1_1 12:12
Monitor44.txt,M44,27,OK,2024-11-22 09:05:00,2024-11-30 09:05:00,M,SIP_S1_1 12:12,21.5C,SIP_S1_1 12:12
Monitor44.txt,M44,28,OK,2024-11-22 09:05:00,2024-11-30 09:05:00,M,SIP_S1_1 12:12,21.5C,SIP_S1_1 12:12
Monitor44.txt,M44,29,OK,2024-11-22 09:05:00,2024-11-30 09:05:00,M,SIP_S1_1 12:12,21.5C,SIP_S1_1 12:12
Monitor44.txt,M44,30,OK,2024-11-22 09:05:00,2024-11-30 09:05:00,M,SIP_S1_1 12:12,21.5C,SIP_S1_1 12:12
Monitor44.txt,M44,31,OK,2024-11-22 09:05:00,2024-11-30 09:05:00,M,SIP_S1_1 12:12,21.5C,SIP_S1_1 12:12
Monitor44.txt,M44,32,OK,2024-11-22 09:05:00,2024-11-30 09:05:00,M,SIP_S1_1 12:12,21.5C,SIP_S1_1 12:12
Monitor47.txt,M47,1,OK,2024-11-22 09:05:00,2024-11-30 09:05:00,M,SIP_S1_1 8:16,21.5C,SIP_S1_1 8:16
Monitor47.txt,M47,2,OK,2024-11-22 09:05:00,2024-11-30 09:05:00,M,SIP_S1_1 8:16,21.5C,SIP_S1_1 8:16
Monitor47.txt,M47,3,OK,2024-11-22 09:05:00,2024-11-30 09:05:00,M,SIP_S1_1 8:16,21.5C,SIP_S1_1 8:16
Monitor47.txt,M47,4,OK,2024-11-22 09:05:00,2024-11-30 09:05:00,M,SIP_S1_1 8:16,21.5C,SIP_S1_1 8:16
Monitor47.txt,M47,5,OK,2024-11-22 09:05:00,2024-11-30 09:05:00,M,SIP_S1_1 8:16,21.5C,SIP_S1_1 8:16
Monitor47.txt,M47,6,OK,2024-11-22 09:05:00,2024-11-30 09:05:00,M,SIP_S1_1 8:16,21.5C,SIP_S1_1 8:16
Monitor47.txt,M47,7,OK,2024-11-22 09:05:00,2024-11-30 09:05:00,M,SIP_S1_1 8:16,21.5C,SIP_S1_1 8:16
Monitor47.txt,M47,8,OK,2024-11-22 09:05:00,2024-11-30 09:05:00,M,SIP_S1_1 8:16,21.5C,SIP_S1_1 8:16
Monitor47.txt,M47,9,OK,2024-11-22 09:05:00,2024-11-30 09:05:00,M,SIP_S1_1 8:16,21.5C,SIP_S1_1 8:16
Monitor47.txt,M47,10,OK,2024-11-22 09:05:00,2024-11-30 09:05:00,M,SIP_S1_1 8:16,21.5C,SIP_S1_1 8:16
Monitor47.txt,M47,11,OK,2024-11-22 09:05:00,2024-11-30 09:05:00,M,SIP_S1_1 8:16,21.5C,SIP_S1_1 8:16
Monitor47.txt,M47,12,OK,2024-11-22 09:05:00,2024-11-30 09:05:00,M,SIP_S1_1 8:16,21.5C,SIP_S1_1 8:16
Monitor47.txt,M47,13,OK,2024-11-22 09:05:00,2024-11-30 09:05:00,M,SIP_S1_1 8:16,21.5C,SIP_S1_1 8:16
Monitor47.txt,M47,14,OK,2024-11-22 09:05:00,2024-11-30 09:05:00,M,SIP_S1_1 8:16,21.5C,SIP_S1_1 8:16
Monitor47.txt,M47,15,OK,2024-11-22 09:05:00,2024-11-30 09:05:00,M,SIP_S1_1 8:16,21.5C,SIP_S1_1 8:16
Monitor47.txt,M47,16,OK,2024-11-22 09:05:00,2024-11-30 09:05:00,M,SIP_S1_1 8:16,21.5C,SIP_S1_1 8:16
Monitor47.txt,M47,17,OK,2024-11-22 09:05:00,2024-11-30 09:05:00,M,SIP_S1_1 8:16,21.5C,SIP_S1_1 8:16
Monitor47.txt,M47,18,OK,2024-11-22 09:05:00,2024-11-30 09:05:00,M,SIP_S1_1 8:16,21.5C,SIP_S1_1 8:16
Monitor47.txt,M47,19,OK,2024-11-22 09:05:00,2024-11-30 09:05:00,M,SIP_S1_1 8:16,21.5C,SIP_S1_1 8:16
Monitor47.txt,M47,20,OK,2024-11-22 09:05:00,2024-11-30 09:05:00,M,SIP_S1_1 8:16,21.5C,SIP_S1_1 8:16
Monitor47.txt,M47,21,OK,2024-11-22 09:05:00,2024-11-30 09:05:00,M,SIP_S1_1 8:16,21.5C,SIP_S1_1 8:16
Monitor47.txt,M47,22,OK,2024-11-22 09:05:00,2024-11-30 09:05:00,M,SIP_S1_1 8:16,21.5C,SIP_S1_1 8:16
Monitor47.txt,M47,23,OK,2024-11-22 09:05:00,2024-11-30 09:05:00,M,SIP_S1_1 8:16,21.5C,SIP_S1_1 8:16
Monitor47.txt,M47,24,OK,2024-11-22 09:05:00,2024-11-30 09:05:00,M,SIP_S1_1 8:16,21.5C,SIP_S1_1 8:16
Monitor47.txt,M47,25,OK,2024-11-22 09:05:00,2024-11-30 09:05:00,M,SIP_S1_1 8:16,21.5C,SIP_S1_1 8:16
Monitor47.txt,M47,26,OK,2024-11-22 09:05:00,2024-11-30 09:05:00,M,SIP_S1_1 8:16,21.5C,SIP_S1_1 8:16
Monitor47.txt,M47,27,OK,2024-11-22 09:05:00,2024-11-30 09:05:00,M,SIP_S1_1 8:16,21.5C,SIP_S1_1 8:16
Monitor47.txt,M47,28,OK,2024-11-22 09:05:00,2024-11-30 09:05:00,M,SIP_S1_1 8:16,21.5C,SIP_S1_1 8:16
Monitor47.txt,M47,29,OK,2024-11-22 09:05:00,2024-11-30 09:05:00,M,SIP_S1_1 8:16,21.5C,SIP_S1_1 8:16
Monitor47.txt,M47,30,OK,2024-11-22 09:05:00,2024-11-30 09:05:00,M,SIP_S1_1 8:16,21.5C,SIP_S1_1 8:16
Monitor47.txt,M47,31,OK,2024-11-22 09:05:00,2024-11-30 09:05:00,M,SIP_S1_1 8:16,21.5C,SIP_S1_1 8:16
Monitor47.txt,M47,32,OK,2024-11-22 09:05:00,2024-11-30 09:05:00,M,SIP_S1_1 8:16,21.5C,SIP_S1_1 8:16
Monitor46.txt,M46,1,OK,2024-11-22 09:05:00,2024-11-30 09:05:00,M,SIP_S1_2 12:12,21.5C,SIP_S1_2 12:12
Monitor46.txt,M46,2,OK,2024-11-22 09:05:00,2024-11-30 09:05:00,M,SIP_S1_2 12:12,21.5C,SIP_S1_2 12:12
Monitor46.txt,M46,3,OK,2024-11-22 09:05:00,2024-11-30 09:05:00,M,SIP_S1_2 12:12,21.5C,SIP_S1_2 12:12
Monitor46.txt,M46,4,OK,2024-11-22 09:05:00,2024-11-30 09:05:00,M,SIP_S1_2 12:12,21.5C,SIP_S1_2 12:12
Monitor46.txt,M46,5,OK,2024-11-22 09:05:00,2024-11-30 09:05:00,M,SIP_S1_2 12:12,21.5C,SIP_S1_2 12:12
Monitor46.txt,M46,6,OK,2024-11-22 09:05:00,2024-11-30 09:05:00,M,SIP_S1_2 12:12,21.5C,SIP_S1_2 12:12
Monitor46.txt,M46,7,OK,2024-11-22 09:05:00,2024-11-30 09:05:00,M,SIP_S1_2 12:12,21.5C,SIP_S1_2 12:12
Monitor46.txt,M46,8,OK,2024-11-22 09:05:00,2024-11-30 09:05:00,M,SIP_S1_2 12:12,21.5C,SIP_S1_2 12:12
Monitor46.txt,M46,9,OK,2024-11-22 09:05:00,2024-11-30 09:05:00,M,SIP_S1_2 12:12,21.5C,SIP_S1_2 12:12
Monitor46.txt,M46,10,OK,2024-11-22 09:05:00,2024-11-30 09:05:00,M,SIP_S1_2 12:12,21.5C,SIP_S1_2 12:12
Monitor46.txt,M46,11,OK,2024-11-22 09:05:00,2024-11-30 09:05:00,M,SIP_S1_2 12:12,21.5C,SIP_S1_2 12:12
Monitor46.txt,M46,12,OK,2024-11-22 09:05:00,2024-11-30 09:05:00,M,SIP_S1_2 12:12,21.5C,SIP_S1_2 12:12
Monitor46.txt,M46,13,OK,2024-11-22 09:05:00,2024-11-30 09:05:00,M,SIP_S1_2 12:12,21.5C,SIP_S1_2 12:12
Monitor46.txt,M46,14,OK,2024-11-22 09:05:00,2024-11-30 09:05:00,M,SIP_S1_2 12:12,21.5C,SIP_S1_2 12:12
Monitor46.txt,M46,15,OK,2024-11-22 09:05:00,2024-11-30 09:05:00,M,SIP_S1_2 12:12,21.5C,SIP_S1_2 12:12
Monitor46.txt,M46,16,OK,2024-11-22 09:05:00,2024-11-30 09:05:00,M,SIP_S1_2 12:12,21.5C,SIP_S1_2 12:12
Monitor46.txt,M46,17,OK,2024-11-22 09:05:00,2024-11-30 09:05:00,M,SIP_S1_2 12:12,21.5C,SIP_S1_2 12:12
Monitor46.txt,M46,18,OK,2024-11-22 09:05:00,2024-11-30 09:05:00,M,SIP_S1_2 12:12,21.5C,SIP_S1_2 12:12
Monitor46.txt,M46,19,OK,2024-11-22 09:05:00,2024-11-30 09:05:00,M,SIP_S1_2 12:12,21.5C,SIP_S1_2 12:12
Monitor46.txt,M46,20,OK,2024-11-22 09:05:00,2024-11-30 09:05:00,M,SIP_S1_2 12:12,21.5C,SIP_S1_2 12:12
Monitor46.txt,M46,21,OK,2024-11-22 09:05:00,2024-11-30 09:05:00,M,SIP_S1_2 12:12,21.5C,SIP_S1_2 12:12
Monitor46.txt,M46,22,OK,2024-11-22 09:05:00,2024-11-30 09:05:00,M,SIP_S1_2 12:12,21.5C,SIP_S1_2 12:12
Monitor46.txt,M46,23,OK,2024-11-22 09:05:00,2024-11-30 09:05:00,M,SIP_S1_2 12:12,21.5C,SIP_S1_2 12:12
Monitor46.txt,M46,24,OK,2024-11-22 09:05:00,2024-11-30 09:05:00,M,SIP_S1_2 12:12,21.5C,SIP_S1_2 12:12
Monitor46.txt,M46,25,OK,2024-11-22 09:05:00,2024-11-30 09:05:00,M,SIP_S1_2 12:12,21.5C,SIP_S1_2 12:12
Monitor46.txt,M46,26,OK,2024-11-22 09:05:00,2024-11-30 09:05:00,M,SIP_S1_2 12:12,21.5C,SIP_S1_2 12:12
Monitor46.txt,M46,27,OK,2024-11-22 09:05:00,2024-11-30 09:05:00,M,SIP_S1_2 12:12,21.5C,SIP_S1_2 12:12
Monitor46.txt,M46,28,OK,2024-11-22 09:05:00,2024-11-30 09:05:00,M,SIP_S1_2 12:12,21.5C,SIP_S1_2 12:12
Monitor46.txt,M46,29,OK,2024-11-22 09:05:00,2024-11-30 09:05:00,M,SIP_S1_2 12:12,21.5C,SIP_S1_2 12:12
Monitor46.txt,M46,30,OK,2024-11-22 09:05:00,2024-11-30 09:05:00,M,SIP_S1_2 12:12,21.5C,SIP_S1_2 12:12
Monitor46.txt,M46,31,OK,2024-11-22 09:05:00,2024-11-30 09:05:00,M,SIP_S1_2 12:12,21.5C,SIP_S1_2 12:12
Monitor46.txt,M46,32,OK,2024-11-22 09:05:00,2024-11-30 09:05:00,M,SIP_S1_2 12:12,21.5C,SIP_S1_2 12:12
Monitor49.txt,M49,1,OK,2024-11-22 09:05:00,2024-11-30 09:05:00,M,SIP_S1_2 8:16,21.5C,SIP_S1_2 8:16
Monitor49.txt,M49,2,OK,2024-11-22 09:05:00,2024-11-30 09:05:00,M,SIP_S1_2 8:16,21.5C,SIP_S1_2 8:16
Monitor49.txt,M49,3,OK,2024-11-22 09:05:00,2024-11-30 09:05:00,M,SIP_S1_2 8:16,21.5C,SIP_S1_2 8:16
Monitor49.txt,M49,4,OK,2024-11-22 09:05:00,2024-11-30 09:05:00,M,SIP_S1_2 8:16,21.5C,SIP_S1_2 8:16
Monitor49.txt,M49,5,OK,2024-11-22 09:05:00,2024-11-30 09:05:00,M,SIP_S1_2 8:16,21.5C,SIP_S1_2 8:16
Monitor49.txt,M49,6,OK,2024-11-22 09:05:00,2024-11-30 09:05:00,M,SIP_S1_2 8:16,21.5C,SIP_S1_2 8:16
Monitor49.txt,M49,7,OK,2024-11-22 09:05:00,2024-11-30 09:05:00,M,SIP_S1_2 8:16,21.5C,SIP_S1_2 8:16
Monitor49.txt,M49,8,OK,2024-11-22 09:05:00,2024-11-30 09:05:00,M,SIP_S1_2 8:16,21.5C,SIP_S1_2 8:16
Monitor49.txt,M49,9,OK,2024-11-22 09:05:00,2024-11-30 09:05:00,M,SIP_S1_2 8:16,21.5C,SIP_S1_2 8:16
Monitor49.txt,M49,10,OK,2024-11-22 09:05:00,2024-11-30 09:05:00,M,SIP_S1_2 8:16,21.5C,SIP_S1_2 8:16
Monitor49.txt,M49,11,OK,2024-11-22 09:05:00,2024-11-30 09:05:00,M,SIP_S1_2 8:16,21.5C,SIP_S1_2 8:16
Monitor49.txt,M49,12,OK,2024-11-22 09:05:00,2024-11-30 09:05:00,M,SIP_S1_2 8:16,21.5C,SIP_S1_2 8:16
Monitor49.txt,M49,13,OK,2024-11-22 09:05:00,2024-11-30 09:05:00,M,SIP_S1_2 8:16,21.5C,SIP_S1_2 8:16
Monitor49.txt,M49,14,OK,2024-11-22 09:05:00,2024-11-30 09:05:00,M,SIP_S1_2 8:16,21.5C,SIP_S1_2 8:16
Monitor49.txt,M49,15,OK,2024-11-22 09:05:00,2024-11-30 09:05:00,M,SIP_S1_2 8:16,21.5C,SIP_S1_2 8:16
Monitor49.txt,M49,16,OK,2024-11-22 09:05:00,2024-11-30 09:05:00,M,SIP_S1_2 8:16,21.5C,SIP_S1_2 8:16
Monitor49.txt,M49,17,OK,2024-11-22 09:05:00,2024-11-30 09:05:00,M,SIP_S1_2 8:16,21.5C,SIP_S1_2 8:16
Monitor49.txt,M49,18,OK,2024-11-22 09:05:00,2024-11-30 09:05:00,M,SIP_S1_2 8:16,21.5C,SIP_S1_2 8:16
Monitor49.txt,M49,19,OK,2024-11-22 09:05:00,2024-11-30 09:05:00,M,SIP_S1_2 8:16,21.5C,SIP_S1_2 8:16
Monitor49.txt,M49,20,OK,2024-11-22 09:05:00,2024-11-30 09:05:00,M,SIP_S1_2 8:16,21.5C,SIP_S1_2 8:16
Monitor49.txt,M49,21,OK,2024-11-22 09:05:00,2024-11-30 09:05:00,M,SIP_S1_2 8:16,21.5C,SIP_S1_2 8:16
Monitor49.txt,M49,22,OK,2024-11-22 09:05:00,2024-11-30 09:05:00,M,SIP_S1_2 8:16,21.5C,SIP_S1_2 8:16
Monitor49.txt,M49,23,OK,2024-11-22 09:05:00,2024-11-30 09:05:00,M,SIP_S1_2 8:16,21.5C,SIP_S1_2 8:16
Monitor49.txt,M49,24,OK,2024-11-22 09:05:00,2024-11-30 09:05:00,M,SIP_S1_2 8:16,21.5C,SIP_S1_2 8:16
Monitor49.txt,M49,25,OK,2024-11-22 09:05:00,2024-11-30 09:05:00,M,SIP_S1_2 8:16,21.5C,SIP_S1_2 8:16
Monitor49.txt,M49,26,OK,2024-11-22 09:05:00,2024-11-30 09:05:00,M,SIP_S1_2 8:16,21.5C,SIP_S1_2 8:16
Monitor49.txt,M49,27,OK,2024-11-22 09:05:00,2024-11-30 09:05:00,M,SIP_S1_2 8:16,21.5C,SIP_S1_2 8:16
Monitor49.txt,M49,28,OK,2024-11-22 09:05:00,2024-11-30 09:05:00,M,SIP_S1_2 8:16,21.5C,SIP_S1_2 8:16
Monitor49.txt,M49,29,OK,2024-11-22 09:05:00,2024-11-30 09:05:00,M,SIP_S1_2 8:16,21.5C,SIP_S1_2 8:16
Monitor49.txt,M49,30,OK,2024-11-22 09:05:00,2024-11-30 09:05:00,M,SIP_S1_2 8:16,21.5C,SIP_S1_2 8:16
Monitor49.txt,M49,31,OK,2024-11-22 09:05:00,2024-11-30 09:05:00,M,SIP_S1_2 8:16,21.5C,SIP_S1_2 8:16
Monitor49.txt,M49,32,OK,2024-11-22 09:05:00,2024-11-30 09:05:00,M,SIP_S1_2 8:16,21.5C,SIP_S1_2 8:16
Monitor40.txt,M40,1,OK,2024-11-22 09:05:00,2024-11-30 09:05:00,M,SIP_S1_7 12:12,21.5C,SIP_S1_7 12:12
Monitor40.txt,M40,2,OK,2024-11-22 09:05:00,2024-11-30 09:05:00,M,SIP_S1_7 12:12,21.5C,SIP_S1_7 12:12
Monitor40.txt,M40,3,OK,2024-11-22 09:05:00,2024-11-30 09:05:00,M,SIP_S1_7 12:12,21.5C,SIP_S1_7 12:12
Monitor40.txt,M40,4,OK,2024-11-22 09:05:00,2024-11-30 09:05:00,M,SIP_S1_7 12:12,21.5C,SIP_S1_7 12:12
Monitor40.txt,M40,5,OK,2024-11-22 09:05:00,2024-11-30 09:05:00,M,SIP_S1_7 12:12,21.5C,SIP_S1_7 12:12
Monitor40.txt,M40,6,OK,2024-11-22 09:05:00,2024-11-30 09:05:00,M,SIP_S1_7 12:12,21.5C,SIP_S1_7 12:12
Monitor40.txt,M40,7,OK,2024-11-22 09:05:00,2024-11-30 09:05:00,M,SIP_S1_7 12:12,21.5C,SIP_S1_7 12:12
Monitor40.txt,M40,8,OK,2024-11-22 09:05:00,2024-11-30 09:05:00,M,SIP_S1_7 12:12,21.5C,SIP_S1_7 12:12
Monitor40.txt,M40,9,OK,2024-11-22 09:05:00,2024-11-30 09:05:00,M,SIP_S1_7 12:12,21.5C,SIP_S1_7 12:12
Monitor40.txt,M40,10,OK,2024-11-22 09:05:00,2024-11-30 09:05:00,M,SIP_S1_7 12:12,21.5C,SIP_S1_7 12:12
Monitor40.txt,M40,11,OK,2024-11-22 09:05:00,2024-11-30 09:05:00,M,SIP_S1_7 12:12,21.5C,SIP_S1_7 12:12
Monitor40.txt,M40,12,OK,2024-11-22 09:05:00,2024-11-30 09:05:00,M,SIP_S1_7 12:12,21.5C,SIP_S1_7 12:12
Monitor40.txt,M40,13,OK,2024-11-22 09:05:00,2024-11-30 09:05:00,M,SIP_S1_7 12:12,21.5C,SIP_S1_7 12:12
Monitor40.txt,M40,14,OK,2024-11-22 09:05:00,2024-11-30 09:05:00,M,SIP_S1_7 12:12,21.5C,SIP_S1_7 12:12
Monitor40.txt,M40,15,OK,2024-11-22 09:05:00,2024-11-30 09:05:00,M,SIP_S1_7 12:12,21.5C,SIP_S1_7 12:12
Monitor40.txt,M40,16,OK,2024-11-22 09:05:00,2024-11-30 09:05:00,M,SIP_S1_7 12:12,21.5C,SIP_S1_7 12:12
Monitor40.txt,M40,17,OK,2024-11-22 09:05:00,2024-11-30 09:05:00,M,SIP_S1_7 12:12,21.5C,SIP_S1_7 12:12
Monitor40.txt,M40,18,OK,2024-11-22 09:05:00,2024-11-30 09:05:00,M,SIP_S1_7 12:12,21.5C,SIP_S1_7 12:12
Monitor40.txt,M40,19,OK,2024-11-22 09:05:00,2024-11-30 09:05:00,M,SIP_S1_7 12:12,21.5C,SIP_S1_7 12:12
Monitor40.txt,M40,20,OK,2024-11-22 09:05:00,2024-11-30 09:05:00,M,SIP_S1_7 12:12,21.5C,SIP_S1_7 12:12
Monitor40.txt,M40,21,OK,2024-11-22 09:05:00,2024-11-30 09:05:00,M,SIP_S1_7 12:12,21.5C,SIP_S1_7 12:12
Monitor40.txt,M40,22,OK,2024-11-22 09:05:00,2024-11-30 09:05:00,M,SIP_S1_7 12:12,21.5C,SIP_S1_7 12:12
Monitor40.txt,M40,23,OK,2024-11-22 09:05:00,2024-11-30 09:05:00,M,SIP_S1_7 12:12,21.5C,SIP_S1_7 12:12
Monitor40.txt,M40,24,OK,2024-11-22 09:05:00,2024-11-30 09:05:00,M,SIP_S1_7 12:12,21.5C,SIP_S1_7 12:12
Monitor40.txt,M40,25,OK,2024-11-22 09:05:00,2024-11-30 09:05:00,M,SIP_S1_7 12:12,21.5C,SIP_S1_7 12:12
Monitor40.txt,M40,26,OK,2024-11-22 09:05:00,2024-11-30 09:05:00,M,SIP_S1_7 12:12,21.5C,SIP_S1_7 12:12
Monitor40.txt,M40,27,OK,2024-11-22 09:05:00,2024-11-30 09:05:00,M,SIP_S1_7 12:12,21.5C,SIP_S1_7 12:12
Monitor40.txt,M40,28,OK,2024-11-22 09:05:00,2024-11-30 09:05:00,M,SIP_S1_7 12:12,21.5C,SIP_S1_7 12:12
Monitor40.txt,M40,29,OK,2024-11-22 09:05:00,2024-11-30 09:05:00,M,SIP_S1_7 12:12,21.5C,SIP_S1_7 12:12
Monitor40.txt,M40,30,OK,2024-11-22 09:05:00,2024-11-30 09:05:00,M,SIP_S1_7 12:12,21.5C,SIP_S1_7 12:12
Monitor40.txt,M40,31,OK,2024-11-22 09:05:00,2024-11-30 09:05:00,M,SIP_S1_7 12:12,21.5C,SIP_S1_7 12:12
Monitor40.txt,M40,32,OK,2024-11-22 09:05:00,2024-11-30 09:05:00,M,SIP_S1_7 12:12,21.5C,SIP_S1_7 12:12
Monitor52.txt,M52,1,OK,2024-11-22 09:05:00,2024-11-30 09:05:00,M,SIP_S1_7 8:16,21.5C,SIP_S1_7 8:16
Monitor52.txt,M52,2,OK,2024-11-22 09:05:00,2024-11-30 09:05:00,M,SIP_S1_7 8:16,21.5C,SIP_S1_7 8:16
Monitor52.txt,M52,3,OK,2024-11-22 09:05:00,2024-11-30 09:05:00,M,SIP_S1_7 8:16,21.5C,SIP_S1_7 8:16
Monitor52.txt,M52,4,OK,2024-11-22 09:05:00,2024-11-30 09:05:00,M,SIP_S1_7 8:16,21.5C,SIP_S1_7 8:16
Monitor52.txt,M52,5,OK,2024-11-22 09:05:00,2024-11-30 09:05:00,M,SIP_S1_7 8:16,21.5C,SIP_S1_7 8:16
Monitor52.txt,M52,6,OK,2024-11-22 09:05:00,2024-11-30 09:05:00,M,SIP_S1_7 8:16,21.5C,SIP_S1_7 8:16
Monitor52.txt,M52,7,OK,2024-11-22 09:05:00,2024-11-30 09:05:00,M,SIP_S1_7 8:16,21.5C,SIP_S1_7 8:16
Monitor52.txt,M52,8,OK,2024-11-22 09:05:00,2024-11-30 09:05:00,M,SIP_S1_7 8:16,21.5C,SIP_S1_7 8:16
Monitor52.txt,M52,9,OK,2024-11-22 09:05:00,2024-11-30 09:05:00,M,SIP_S1_7 8:16,21.5C,SIP_S1_7 8:16
Monitor52.txt,M52,10,OK,2024-11-22 09:05:00,2024-11-30 09:05:00,M,SIP_S1_7 8:16,21.5C,SIP_S1_7 8:16
Monitor52.txt,M52,11,OK,2024-11-22 09:05:00,2024-11-30 09:05:00,M,SIP_S1_7 8:16,21.5C,SIP_S1_7 8:16
Monitor52.txt,M52,12,OK,2024-11-22 09:05:00,2024-11-30 09:05:00,M,SIP_S1_7 8:16,21.5C,SIP_S1_7 8:16
Monitor52.txt,M52,13,OK,2024-11-22 09:05:00,2024-11-30 09:05:00,M,SIP_S1_7 8:16,21.5C,SIP_S1_7 8:16
Monitor52.txt,M52,14,OK,2024-11-22 09:05:00,2024-11-30 09:05:00,M,SIP_S1_7 8:16,21.5C,SIP_S1_7 8:16
Monitor52.txt,M52,15,OK,2024-11-22 09:05:00,2024-11-30 09:05:00,M,SIP_S1_7 8:16,21.5C,SIP_S1_7 8:16
Monitor52.txt,M52,16,OK,2024-11-22 09:05:00,2024-11-30 09:05:00,M,SIP_S1_7 8:16,21.5C,SIP_S1_7 8:16
Monitor52.txt,M52,17,OK,2024-11-22 09:05:00,2024-11-30 09:05:00,M,SIP_S1_7 8:16,21.5C,SIP_S1_7 8:16
Monitor52.txt,M52,18,OK,2024-11-22 09:05:00,2024-11-30 09:05:00,M,SIP_S1_7 8:16,21.5C,SIP_S1_7 8:16
Monitor52.txt,M52,19,OK,2024-11-22 09:05:00,2024-11-30 09:05:00,M,SIP_S1_7 8:16,21.5C,SIP_S1_7 8:16
Monitor52.txt,M52,20,OK,2024-11-22 09:05:00,2024-11-30 09:05:00,M,SIP_S1_7 8:16,21.5C,SIP_S1_7 8:16
Monitor52.txt,M52,21,OK,2024-11-22 09:05:00,2024-11-30 09:05:00,M,SIP_S1_7 8:16,21.5C,SIP_S1_7 8:16
Monitor52.txt,M52,22,OK,2024-11-22 09:05:00,2024-11-30 09:05:00,M,SIP_S1_7 8:16,21.5C,SIP_S1_7 8:16
Monitor52.txt,M52,23,OK,2024-11-22 09:05:00,2024-11-30 09:05:00,M,SIP_S1_7 8:16,21.5C,SIP_S1_7 8:16
Monitor52.txt,M52,24,OK,2024-11-22 09:05:00,2024-11-30 09:05:00,M,SIP_S1_7 8:16,21.5C,SIP_S1_7 8:16
Monitor52.txt,M52,25,OK,2024-11-22 09:05:00,2024-11-30 09:05:00,M,SIP_S1_7 8:16,21.5C,SIP_S1_7 8:16
Monitor52.txt,M52,26,OK,2024-11-22 09:05:00,2024-11-30 09:05:00,M,SIP_S1_7 8:16,21.5C,SIP_S1_7 8:16
Monitor52.txt,M52,27,OK,2024-11-22 09:05:00,2024-11-30 09:05:00,M,SIP_S1_7 8:16,21.5C,SIP_S1_7 8:16
Monitor52.txt,M52,28,OK,2024-11-22 09:05:00,2024-11-30 09:05:00,M,SIP_S1_7 8:16,21.5C,SIP_S1_7 8:16
Monitor52.txt,M52,29,OK,2024-11-22 09:05:00,2024-11-30 09:05:00,M,SIP_S1_7 8:16,21.5C,SIP_S1_7 8:16
Monitor52.txt,M52,30,OK,2024-11-22 09:05:00,2024-11-30 09:05:00,M,SIP_S1_7 8:16,21.5C,SIP_S1_7 8:16
Monitor52.txt,M52,31,OK,2024-11-22 09:05:00,2024-11-30 09:05:00,M,SIP_S1_7 8:16,21.5C,SIP_S1_7 8:16
Monitor52.txt,M52,32,OK,2024-11-22 09:05:00,2024-11-30 09:05:00,M,SIP_S1_7 8:16,21.5C,SIP_S1_7 8:16
Monitor51.txt,M51,1,OK,2024-11-22 09:05:00,2024-11-30 09:05:00,M,SIP_S2_3  12:12,21.5C,SIP_S2_3  12:12
Monitor51.txt,M51,2,OK,2024-11-22 09:05:00,2024-11-30 09:05:00,M,SIP_S2_3  12:12,21.5C,SIP_S2_3  12:12
Monitor51.txt,M51,3,OK,2024-11-22 09:05:00,2024-11-30 09:05:00,M,SIP_S2_3  12:12,21.5C,SIP_S2_3  12:12
Monitor51.txt,M51,4,OK,2024-11-22 09:05:00,2024-11-30 09:05:00,M,SIP_S2_3  12:12,21.5C,SIP_S2_3  12:12
Monitor51.txt,M51,5,OK,2024-11-22 09:05:00,2024-11-30 09:05:00,M,SIP_S2_3  12:12,21.5C,SIP_S2_3  12:12
Monitor51.txt,M51,6,OK,2024-11-22 09:05:00,2024-11-30 09:05:00,M,SIP_S2_3  12:12,21.5C,SIP_S2_3  12:12
Monitor51.txt,M51,7,OK,2024-11-22 09:05:00,2024-11-30 09:05:00,M,SIP_S2_3  12:12,21.5C,SIP_S2_3  12:12
Monitor51.txt,M51,8,OK,2024-11-22 09:05:00,2024-11-30 09:05:00,M,SIP_S2_3  12:12,21.5C,SIP_S2_3  12:12
Monitor51.txt,M51,9,OK,2024-11-22 09:05:00,2024-11-30 09:05:00,M,SIP_S2_3  12:12,21.5C,SIP_S2_3  12:12
Monitor51.txt,M51,10,OK,2024-11-22 09:05:00,2024-11-30 09:05:00,M,SIP_S2_3  12:12,21.5C,SIP_S2_3  12:12
Monitor51.txt,M51,11,OK,2024-11-22 09:05:00,2024-11-30 09:05:00,M,SIP_S2_3  12:12,21.5C,SIP_S2_3  12:12
Monitor51.txt,M51,12,OK,2024-11-22 09:05:00,2024-11-30 09:05:00,M,SIP_S2_3  12:12,21.5C,SIP_S2_3  12:12
Monitor51.txt,M51,13,OK,2024-11-22 09:05:00,2024-11-30 09:05:00,M,SIP_S2_3  12:12,21.5C,SIP_S2_3  12:12
Monitor51.txt,M51,14,OK,2024-11-22 09:05:00,2024-11-30 09:05:00,M,SIP_S2_3  12:12,21.5C,SIP_S2_3  12:12
Monitor51.txt,M51,15,OK,2024-11-22 09:05:00,2024-11-30 09:05:00,M,SIP_S2_3  12:12,21.5C,SIP_S2_3  12:12
Monitor51.txt,M51,16,OK,2024-11-22 09:05:00,2024-11-30 09:05:00,M,SIP_S2_3  12:12,21.5C,SIP_S2_3  12:12
Monitor51.txt,M51,17,OK,2024-11-22 09:05:00,2024-11-30 09:05:00,M,SIP_S2_3  12:12,21.5C,SIP_S2_3  12:12
Monitor51.txt,M51,18,OK,2024-11-22 09:05:00,2024-11-30 09:05:00,M,SIP_S2_3  12:12,21.5C,SIP_S2_3  12:12
Monitor51.txt,M51,19,OK,2024-11-22 09:05:00,2024-11-30 09:05:00,M,SIP_S2_3  12:12,21.5C,SIP_S2_3  12:12
Monitor51.txt,M51,20,OK,2024-11-22 09:05:00,2024-11-30 09:05:00,M,SIP_S2_3  12:12,21.5C,SIP_S2_3  12:12
Monitor51.txt,M51,21,OK,2024-11-22 09:05:00,2024-11-30 09:05:00,M,SIP_S2_3  12:12,21.5C,SIP_S2_3  12:12
Monitor51.txt,M51,22,OK,2024-11-22 09:05:00,2024-11-30 09:05:00,M,SIP_S2_3  12:12,21.5C,SIP_S2_3  12:12
Monitor51.txt,M51,23,OK,2024-11-22 09:05:00,2024-11-30 09:05:00,M,SIP_S2_3  12:12,21.5C,SIP_S2_3  12:12
Monitor51.txt,M51,24,OK,2024-11-22 09:05:00,2024-11-30 09:05:00,M,SIP_S2_3  12:12,21.5C,SIP_S2_3  12:12
Monitor51.txt,M51,25,OK,2024-11-22 09:05:00,2024-11-30 09:05:00,M,SIP_S2_3  12:12,21.5C,SIP_S2_3  12:12
Monitor51.txt,M51,26,OK,2024-11-22 09:05:00,2024-11-30 09:05:00,M,SIP_S2_3  12:12,21.5C,SIP_S2_3  12:12
Monitor51.txt,M51,27,OK,2024-11-22 09:05:00,2024-11-30 09:05:00,M,SIP_S2_3  12:12,21.5C,SIP_S2_3  12:12
Monitor51.txt,M51,28,OK,2024-11-22 09:05:00,2024-11-30 09:05:00,M,SIP_S2_3  12:12,21.5C,SIP_S2_3  12:12
Monitor51.txt,M51,29,OK,2024-11-22 09:05:00,2024-11-30 09:05:00,M,SIP_S2_3  12:12,21.5C,SIP_S2_3  12:12
Monitor51.txt,M51,30,OK,2024-11-22 09:05:00,2024-11-30 09:05:00,M,SIP_S2_3  12:12,21.5C,SIP_S2_3  12:12
Monitor51.txt,M51,31,OK,2024-11-22 09:05:00,2024-11-30 09:05:00,M,SIP_S2_3  12:12,21.5C,SIP_S2_3  12:12
Monitor51.txt,M51,32,OK,2024-11-22 09:05:00,2024-11-30 09:05:00,M,SIP_S2_3  12:12,21.5C,SIP_S2_3  12:12
Monitor54.txt,M54,1,OK,2024-11-22 09:05:00,2024-11-30 09:05:00,M,SIP_S2_3 8:16,21.5C,SIP_S2_3 8:16
Monitor54.txt,M54,2,OK,2024-11-22 09:05:00,2024-11-30 09:05:00,M,SIP_S2_3 8:16,21.5C,SIP_S2_3 8:16
Monitor54.txt,M54,3,OK,2024-11-22 09:05:00,2024-11-30 09:05:00,M,SIP_S2_3 8:16,21.5C,SIP_S2_3 8:16
Monitor54.txt,M54,4,OK,2024-11-22 09:05:00,2024-11-30 09:05:00,M,SIP_S2_3 8:16,21.5C,SIP_S2_3 8:16
Monitor54.txt,M54,5,OK,2024-11-22 09:05:00,2024-11-30 09:05:00,M,SIP_S2_3 8:16,21.5C,SIP_S2_3 8:16
Monitor54.txt,M54,6,OK,2024-11-22 09:05:00,2024-11-30 09:05:00,M,SIP_S2_3 8:16,21.5C,SIP_S2_3 8:16
Monitor54.txt,M54,7,OK,2024-11-22 09:05:00,2024-11-30 09:05:00,M,SIP_S2_3 8:16,21.5C,SIP_S2_3 8:16
Monitor54.txt,M54,8,OK,2024-11-22 09:05:00,2024-11-30 09:05:00,M,SIP_S2_3 8:16,21.5C,SIP_S2_3 8:16
Monitor54.txt,M54,9,OK,2024-11-22 09:05:00,2024-11-30 09:05:00,M,SIP_S2_3 8:16,21.5C,SIP_S2_3 8:16
Monitor54.txt,M54,10,OK,2024-11-22 09:05:00,2024-11-30 09:05:00,M,SIP_S2_3 8:16,21.5C,SIP_S2_3 8:16
Monitor54.txt,M54,11,OK,2024-11-22 09:05:00,2024-11-30 09:05:00,M,SIP_S2_3 8:16,21.5C,SIP_S2_3 8:16
Monitor54.txt,M54,12,OK,2024-11-22 09:05:00,2024-11-30 09:05:00,M,SIP_S2_3 8:16,21.5C,SIP_S2_3 8:16
Monitor54.txt,M54,13,OK,2024-11-22 09:05:00,2024-11-30 09:05:00,M,SIP_S2_3 8:16,21.5C,SIP_S2_3 8:16
Monitor54.txt,M54,14,OK,2024-11-22 09:05:00,2024-11-30 09:05:00,M,SIP_S2_3 8:16,21.5C,SIP_S2_3 8:16
Monitor54.txt,M54,15,OK,2024-11-22 09:05:00,2024-11-30 09:05:00,M,SIP_S2_3 8:16,21.5C,SIP_S2_3 8:16
Monitor54.txt,M54,16,OK,2024-11-22 09:05:00,2024-11-30 09:05:00,M,SIP_S2_3 8:16,21.5C,SIP_S2_3 8:16
Monitor54.txt,M54,17,OK,2024-11-22 09:05:00,2024-11-30 09:05:00,M,SIP_S2_3 8:16,21.5C,SIP_S2_3 8:16
Monitor54.txt,M54,18,OK,2024-11-22 09:05:00,2024-11-30 09:05:00,M,SIP_S2_3 8:16,21.5C,SIP_S2_3 8:16
Monitor54.txt,M54,19,OK,2024-11-22 09:05:00,2024-11-30 09:05:00,M,SIP_S2_3 8:16,21.5C,SIP_S2_3 8:16
Monitor54.txt,M54,20,OK,2024-11-22 09:05:00,2024-11-30 09:05:00,M,SIP_S2_3 8:16,21.5C,SIP_S2_3 8:16
Monitor54.txt,M54,21,OK,2024-11-22 09:05:00,2024-11-30 09:05:00,M,SIP_S2_3 8:16,21.5C,SIP_S2_3 8:16
Monitor54.txt,M54,22,OK,2024-11-22 09:05:00,2024-11-30 09:05:00,M,SIP_S2_3 8:16,21.5C,SIP_S2_3 8:16
Monitor54.txt,M54,23,OK,2024-11-22 09:05:00,2024-11-30 09:05:00,M,SIP_S2_3 8:16,21.5C,SIP_S2_3 8:16
Monitor54.txt,M54,24,OK,2024-11-22 09:05:00,2024-11-30 09:05:00,M,SIP_S2_3 8:16,21.5C,SIP_S2_3 8:16
Monitor54.txt,M54,25,OK,2024-11-22 09:05:00,2024-11-30 09:05:00,M,SIP_S2_3 8:16,21.5C,SIP_S2_3 8:16
Monitor54.txt,M54,26,OK,2024-11-22 09:05:00,2024-11-30 09:05:00,M,SIP_S2_3 8:16,21.5C,SIP_S2_3 8:16
Monitor54.txt,M54,27,OK,2024-11-22 09:05:00,2024-11-30 09:05:00,M,SIP_S2_3 8:16,21.5C,SIP_S2_3 8:16
Monitor54.txt,M54,28,OK,2024-11-22 09:05:00,2024-11-30 09:05:00,M,SIP_S2_3 8:16,21.5C,SIP_S2_3 8:16
Monitor54.txt,M54,29,OK,2024-11-22 09:05:00,2024-11-30 09:05:00,M,SIP_S2_3 8:16,21.5C,SIP_S2_3 8:16
Monitor54.txt,M54,30,OK,2024-11-22 09:05:00,2024-11-30 09:05:00,M,SIP_S2_3 8:16,21.5C,SIP_S2_3 8:16
Monitor54.txt,M54,31,OK,2024-11-22 09:05:00,2024-11-30 09:05:00,M,SIP_S2_3 8:16,21.5C,SIP_S2_3 8:16
Monitor54.txt,M54,32,OK,2024-11-22 09:05:00,2024-11-30 09:05:00,M,SIP_S2_3 8:16,21.5C,SIP_S2_3 8:16
Monitor41.txt,M41,1,OK,2024-11-22 09:05:00,2024-11-30 09:05:00,M,SIP_S2_6  12:12,21.5C,SIP_S2_6  12:12
Monitor41.txt,M41,2,OK,2024-11-22 09:05:00,2024-11-30 09:05:00,M,SIP_S2_6  12:12,21.5C,SIP_S2_6  12:12
Monitor41.txt,M41,3,OK,2024-11-22 09:05:00,2024-11-30 09:05:00,M,SIP_S2_6  12:12,21.5C,SIP_S2_6  12:12
Monitor41.txt,M41,4,OK,2024-11-22 09:05:00,2024-11-30 09:05:00,M,SIP_S2_6  12:12,21.5C,SIP_S2_6  12:12
Monitor41.txt,M41,5,OK,2024-11-22 09:05:00,2024-11-30 09:05:00,M,SIP_S2_6  12:12,21.5C,SIP_S2_6  12:12
Monitor41.txt,M41,6,OK,2024-11-22 09:05:00,2024-11-30 09:05:00,M,SIP_S2_6  12:12,21.5C,SIP_S2_6  12:12
Monitor41.txt,M41,7,OK,2024-11-22 09:05:00,2024-11-30 09:05:00,M,SIP_S2_6  12:12,21.5C,SIP_S2_6  12:12
Monitor41.txt,M41,8,OK,2024-11-22 09:05:00,2024-11-30 09:05:00,M,SIP_S2_6  12:12,21.5C,SIP_S2_6  12:12
Monitor41.txt,M41,9,OK,2024-11-22 09:05:00,2024-11-30 09:05:00,M,SIP_S2_6  12:12,21.5C,SIP_S2_6  12:12
Monitor41.txt,M41,10,OK,2024-11-22 09:05:00,2024-11-30 09:05:00,M,SIP_S2_6  12:12,21.5C,SIP_S2_6  12:12
Monitor41.txt,M41,11,OK,2024-11-22 09:05:00,2024-11-30 09:05:00,M,SIP_S2_6  12:12,21.5C,SIP_S2_6  12:12
Monitor41.txt,M41,12,OK,2024-11-22 09:05:00,2024-11-30 09:05:00,M,SIP_S2_6  12:12,21.5C,SIP_S2_6  12:12
Monitor41.txt,M41,13,OK,2024-11-22 09:05:00,2024-11-30 09:05:00,M,SIP_S2_6  12:12,21.5C,SIP_S2_6  12:12
Monitor41.txt,M41,14,OK,2024-11-22 09:05:00,2024-11-30 09:05:00,M,SIP_S2_6  12:12,21.5C,SIP_S2_6  12:12
Monitor41.txt,M41,15,OK,2024-11-22 09:05:00,2024-11-30 09:05:00,M,SIP_S2_6  12:12,21.5C,SIP_S2_6  12:12
Monitor41.txt,M41,16,OK,2024-11-22 09:05:00,2024-11-30 09:05:00,M,SIP_S2_6  12:12,21.5C,SIP_S2_6  12:12
Monitor41.txt,M41,17,OK,2024-11-22 09:05:00,2024-11-30 09:05:00,M,SIP_S2_6  12:12,21.5C,SIP_S2_6  12:12
Monitor41.txt,M41,18,OK,2024-11-22 09:05:00,2024-11-30 09:05:00,M,SIP_S2_6  12:12,21.5C,SIP_S2_6  12:12
Monitor41.txt,M41,19,OK,2024-11-22 09:05:00,2024-11-30 09:05:00,M,SIP_S2_6  12:12,21.5C,SIP_S2_6  12:12
Monitor41.txt,M41,20,OK,2024-11-22 09:05:00,2024-11-30 09:05:00,M,SIP_S2_6  12:12,21.5C,SIP_S2_6  12:12
Monitor41.txt,M41,21,OK,2024-11-22 09:05:00,2024-11-30 09:05:00,M,SIP_S2_6  12:12,21.5C,SIP_S2_6  12:12
Monitor41.txt,M41,22,OK,2024-11-22 09:05:00,2024-11-30 09:05:00,M,SIP_S2_6  12:12,21.5C,SIP_S2_6  12:12
Monitor41.txt,M41,23,OK,2024-11-22 09:05:00,2024-11-30 09:05:00,M,SIP_S2_6  12:12,21.5C,SIP_S2_6  12:12
Monitor41.txt,M41,24,OK,2024-11-22 09:05:00,2024-11-30 09:05:00,M,SIP_S2_6  12:12,21.5C,SIP_S2_6  12:12
Monitor41.txt,M41,25,OK,2024-11-22 09:05:00,2024-11-30 09:05:00,M,SIP_S2_6  12:12,21.5C,SIP_S2_6  12:12
Monitor41.txt,M41,26,OK,2024-11-22 09:05:00,2024-11-30 09:05:00,M,SIP_S2_6  12:12,21.5C,SIP_S2_6  12:12
Monitor41.txt,M41,27,OK,2024-11-22 09:05:00,2024-11-30 09:05:00,M,SIP_S2_6  12:12,21.5C,SIP_S2_6  12:12
Monitor41.txt,M41,28,OK,2024-11-22 09:05:00,2024-11-30 09:05:00,M,SIP_S2_6  12:12,21.5C,SIP_S2_6  12:12
Monitor41.txt,M41,29,OK,2024-11-22 09:05:00,2024-11-30 09:05:00,M,SIP_S2_6  12:12,21.5C,SIP_S2_6  12:12
Monitor41.txt,M41,30,OK,2024-11-22 09:05:00,2024-11-30 09:05:00,M,SIP_S2_6  12:12,21.5C,SIP_S2_6  12:12
Monitor41.txt,M41,31,OK,2024-11-22 09:05:00,2024-11-30 09:05:00,M,SIP_S2_6  12:12,21.5C,SIP_S2_6  12:12
Monitor41.txt,M41,32,OK,2024-11-22 09:05:00,2024-11-30 09:05:00,M,SIP_S2_6  12:12,21.5C,SIP_S2_6  12:12
Monitor50.txt,M50,1,OK,2024-11-22 09:05:00,2024-11-30 09:05:00,M,SIP_S2_6 8:16,21.5C,SIP_S2_6 8:16
Monitor50.txt,M50,2,OK,2024-11-22 09:05:00,2024-11-30 09:05:00,M,SIP_S2_6 8:16,21.5C,SIP_S2_6 8:16
Monitor50.txt,M50,3,OK,2024-11-22 09:05:00,2024-11-30 09:05:00,M,SIP_S2_6 8:16,21.5C,SIP_S2_6 8:16
Monitor50.txt,M50,4,OK,2024-11-22 09:05:00,2024-11-30 09:05:00,M,SIP_S2_6 8:16,21.5C,SIP_S2_6 8:16
Monitor50.txt,M50,5,OK,2024-11-22 09:05:00,2024-11-30 09:05:00,M,SIP_S2_6 8:16,21.5C,SIP_S2_6 8:16
Monitor50.txt,M50,6,OK,2024-11-22 09:05:00,2024-11-30 09:05:00,M,SIP_S2_6 8:16,21.5C,SIP_S2_6 8:16
Monitor50.txt,M50,7,OK,2024-11-22 09:05:00,2024-11-30 09:05:00,M,SIP_S2_6 8:16,21.5C,SIP_S2_6 8:16
Monitor50.txt,M50,8,OK,2024-11-22 09:05:00,2024-11-30 09:05:00,M,SIP_S2_6 8:16,21.5C,SIP_S2_6 8:16
Monitor50.txt,M50,9,OK,2024-11-22 09:05:00,2024-11-30 09:05:00,M,SIP_S2_6 8:16,21.5C,SIP_S2_6 8:16
Monitor50.txt,M50,10,OK,2024-11-22 09:05:00,2024-11-30 09:05:00,M,SIP_S2_6 8:16,21.5C,SIP_S2_6 8:16
Monitor50.txt,M50,11,OK,2024-11-22 09:05:00,2024-11-30 09:05:00,M,SIP_S2_6 8:16,21.5C,SIP_S2_6 8:16
Monitor50.txt,M50,12,OK,2024-11-22 09:05:00,2024-11-30 09:05:00,M,SIP_S2_6 8:16,21.5C,SIP_S2_6 8:16
Monitor50.txt,M50,13,OK,2024-11-22 09:05:00,2024-11-30 09:05:00,M,SIP_S2_6 8:16,21.5C,SIP_S2_6 8:16
Monitor50.txt,M50,14,OK,2024-11-22 09:05:00,2024-11-30 09:05:00,M,SIP_S2_6 8:16,21.5C,SIP_S2_6 8:16
Monitor50.txt,M50,15,OK,2024-11-22 09:05:00,2024-11-30 09:05:00,M,SIP_S2_6 8:16,21.5C,SIP_S2_6 8:16
Monitor50.txt,M50,16,OK,2024-11-22 09:05:00,2024-11-30 09:05:00,M,SIP_S2_6 8:16,21.5C,SIP_S2_6 8:16
Monitor50.txt,M50,17,OK,2024-11-22 09:05:00,2024-11-30 09:05:00,M,SIP_S2_6 8:16,21.5C,SIP_S2_6 8:16
Monitor50.txt,M50,18,OK,2024-11-22 09:05:00,2024-11-30 09:05:00,M,SIP_S2_6 8:16,21.5C,SIP_S2_6 8:16
Monitor50.txt,M50,19,OK,2024-11-22 09:05:00,2024-11-30 09:05:00,M,SIP_S2_6 8:16,21.5C,SIP_S2_6 8:16
Monitor50.txt,M50,20,OK,2024-11-22 09:05:00,2024-11-30 09:05:00,M,SIP_S2_6 8:16,21.5C,SIP_S2_6 8:16
Monitor50.txt,M50,21,OK,2024-11-22 09:05:00,2024-11-30 09:05:00,M,SIP_S2_6 8:16,21.5C,SIP_S2_6 8:16
Monitor50.txt,M50,22,OK,2024-11-22 09:05:00,2024-11-30 09:05:00,M,SIP_S2_6 8:16,21.5C,SIP_S2_6 8:16
Monitor50.txt,M50,23,OK,2024-11-22 09:05:00,2024-11-30 09:05:00,M,SIP_S2_6 8:16,21.5C,SIP_S2_6 8:16
Monitor50.txt,M50,24,OK,2024-11-22 09:05:00,2024-11-30 09:05:00,M,SIP_S2_6 8:16,21.5C,SIP_S2_6 8:16
Monitor50.txt,M50,25,OK,2024-11-22 09:05:00,2024-11-30 09:05:00,M,SIP_S2_6 8:16,21.5C,SIP_S2_6 8:16
Monitor50.txt,M50,26,OK,2024-11-22 09:05:00,2024-11-30 09:05:00,M,SIP_S2_6 8:16,21.5C,SIP_S2_6 8:16
Monitor50.txt,M50,27,OK,2024-11-22 09:05:00,2024-11-30 09:05:00,M,SIP_S2_6 8:16,21.5C,SIP_S2_6 8:16
Monitor50.txt,M50,28,OK,2024-11-22 09:05:00,2024-11-30 09:05:00,M,SIP_S2_6 8:16,21.5C,SIP_S2_6 8:16
Monitor50.txt,M50,29,OK,2024-11-22 09:05:00,2024-11-30 09:05:00,M,SIP_S2_6 8:16,21.5C,SIP_S2_6 8:16
Monitor50.txt,M50,30,OK,2024-11-22 09:05:00,2024-11-30 09:05:00,M,SIP_S2_6 8:16,21.5C,SIP_S2_6 8:16
Monitor50.txt,M50,31,OK,2024-11-22 09:05:00,2024-11-30 09:05:00,M,SIP_S2_6 8:16,21.5C,SIP_S2_6 8:16
Monitor50.txt,M50,32,OK,2024-11-22 09:05:00,2024-11-30 09:05:00,M,SIP_S2_6 8:16,21.5C,SIP_S2_6 8:16
