seq_len,Sex,Genotype,Temperature,Treatment,Environment,Light,Batch,Sleep_Time_All,Sleep_Time_L,Sleep_Time_D,n_Bouts_L,mean_Bout_Length_L,n_Bouts_D,mean_Bout_Length_D
1,M,SIP-S2-8,21.5C,Grp,5D,12:12,Batch9_5Days,0.777103060895307,1.18261924862811,0.549355460068158,0.899960768928992,1.2552905640388,1.61631016042781,0.455377176317141
1,M,SIP-S2-8,21.5C,Grp,5D,12:12,Batch9_5Days,0.473556369432795,0.780234276065851,0.301318713883538,0.936445664966654,1.15090917670811,1.40909090909091,0.580755056883458
1,M,SIP-S2-8,21.5C,Grp,5D,12:12,Batch9_5Days,0.567091105755546,0.862019839594766,0.401452066972885,0.851314240878776,1.33706294287365,1.20187165775401,0.641592603707108
1,M,SIP-S2-8,21.5C,Grp,5D,12:12,Batch9_5Days,0.28883997191491,0.762241452089489,0.0229663653874648,0.571596704590035,2.57348090790695,0.124331550802139,3.40218090207242
1,M,SIP-S2-8,21.5C,Grp,5D,12:12,Batch9_5Days,0.831812057612388,1.72567539046011,0.329797006963995,0.814829344841114,1.38321229110928,1.38836898395722,0.544718244836562
1,M,SIP-S2-8,21.5C,Grp,5D,12:12,Batch9_5Days,0.664743723551625,1.06648374841705,0.439116906208327,0.717536288740683,1.64591402224712,0.891042780748663,0.794990530138209
1,M,SIP-S2-8,21.5C,Grp,5D,12:12,Batch9_5Days,0.991232897508397,1.47377585479105,0.720225218550896,0.936445664966654,1.19093469414092,0.994652406417112,0.772544666559109
1,M,SIP-S2-8,21.5C,Grp,5D,12:12,Batch9_5Days,0.698863312902063,1.1531764457577,0.44371017928582,0.948607296979208,1.22488346297562,0.932486631016043,0.784256054831793
1,M,SIP-S2-8,21.5C,Grp,5D,12:12,Batch9_5Days,0.768279029166746,1.02886238919375,0.621929174692547,0.936445664966654,1.15722899525013,1.45053475935829,0.556720511248215
1,M,SIP-S2-8,21.5C,Grp,5D,12:12,Batch9_5Days,1.02947036833216,1.50976150274377,0.759727367017336,0.875637504903884,1.2563662722249,1.09826203208556,0.6806204639336
1,M,SIP-S2-8,21.5C,Grp,5D,12:12,Batch9_5Days,0.520617871985123,0.888191219924019,0.314179878500519,0.912122400941546,1.07706560805489,1.28475935828877,0.699445124488419
1,M,SIP-S2-8,21.5C,Grp,5D,12:12,Batch9_5Days,0.441789855209974,1.14990502321655,0.0440954215439324,0.547273440564927,2.96060872182872,0.290106951871658,0.962749756293905
1,M,SIP-S2-8,21.5C,Grp,5D,12:12,Batch9_5Days,1.11065146023493,1.68314689742507,0.789124314713291,0.790506080816006,1.38501254047837,0.849598930481283,0.910795074028958
1,M,SIP-S2-8,21.5C,Grp,5D,12:12,Batch9_5Days,0.920052374898002,1.49667581257915,0.596206845458586,0.851314240878776,1.30771089675627,1.61631016042781,0.480003439747673
1,M,SIP-S2-8,21.5C,Grp,5D,12:12,Batch9_5Days,0.491792701671822,0.845662726888983,0.293050822344051,0.826990976853668,1.52030876638979,1.09826203208556,0.574350301243607
1,M,SIP-S2-8,21.5C,Grp,5D,12:12,Batch9_5Days,0.81769360684669,1.17444069227522,0.617335901615054,0.948607296979208,1.13060833509521,1.32620320855615,0.610947856367969
1,M,SIP-S2-8,21.5C,Grp,5D,12:12,Batch9_5Days,0.545913429606999,0.876741241029971,0.360112609275448,0.839152608866222,1.28356430504185,1.32620320855615,0.613491352855763
1,M,SIP-S2-8,21.5C,Grp,5D,12:12,Batch9_5Days,0.870049528436154,1.33146897425074,0.610905319306564,1.19183993723029,0.849664492871762,1.69919786096257,0.499468266402977
1,M,SIP-S2-8,21.5C,Grp,5D,12:12,Batch9_5Days,0.533559785187013,0.822762769100887,0.371136464661431,0.668889760690467,1.65354541141688,0.932486631016043,0.848646081473887
1,M,SIP-S2-8,21.5C,Grp,5D,12:12,Batch9_5Days,0.352373000360552,0.806405656395104,0.0973773892428508,0.936445664966654,1.41002173693099,0.455882352941176,1.25639477418855
1,M,SIP-S2-8,21.5C,Grp,5D,12:12,Batch9_5Days,0.801810349735279,0.978155339805826,0.702770780856423,0.972930561004316,1.08612225912664,1.61631016042781,0.506299280359937
1,M,SIP-S2-8,21.5C,Grp,5D,12:12,Batch9_5Days,0.357667419397689,0.611756015196286,0.214965180026671,0.887799136916438,1.42654753336203,0.911764705882353,0.695530675934771
1,M,SIP-S2-8,21.5C,Grp,5D,12:12,Batch9_5Days,0.621211833690722,1.36909033347404,0.201185360794192,0.960768928991762,1.45645595924255,0.683823529411765,0.712302337623978
1,M,SIP-S2-8,21.5C,Grp,5D,12:12,Batch9_5Days,0.275309789931116,0.395842127479949,0.207615943102682,0.681051392703021,1.50815447484738,0.891042780748663,0.985031123533153
1,M,SIP-S2-8,21.5C,Grp,5D,12:12,Batch9_5Days,0.891227204584701,1.55392570704939,0.519039857756705,0.583758336602589,1.98818272905883,1.55414438502674,0.470119542831826
1,M,SIP-S2-8,21.5C,Grp,5D,12:12,Batch9_5Days,1.03005863711407,1.48195441114394,0.776263150096311,1.07022361710475,0.968336641049718,1.26403743315508,0.66180944679109
1,M,SIP-S2-8,21.5C,Grp,5D,12:12,Batch9_5Days,0.823576294665731,1.35764035457999,0.523633130834198,1.10670851314241,1.01900322047208,1.38836898395722,0.519936237265942
1,M,SIP-S2-8,21.5C,Grp,5D,12:12,Batch9_5Days,0.654154885477352,0.673913043478261,0.643058230849015,0.9242840329541,1.07854540650181,1.71991978609626,0.521300330760852
1,M,SIP-S2-8,21.5C,Grp,5D,12:12,Batch9_5Days,1.09476820312352,1.81073237653018,0.692665580085939,0.960768928991762,1.07386250002423,1.4298128342246,0.568091783662048
1,M,SIP-S2-8,21.5C,Grp,5D,12:12,Batch9_5Days,0.605328576579312,1.13681933305192,0.30683064157653,0.839152608866222,1.4418548969945,0.828877005347594,0.817174551598257
1,M,SIP-S2-8,21.5C,Grp,5D,12:12,Batch9_5Days,1.12535817978253,1.41161882650908,0.964587346273522,1.20400156924284,0.790289407557215,1.36764705882353,0.64472240669982
1,M,SIP-S2-8,21.5C,Iso,5D,12:12,Batch9_5Days,0.631800671764996,0.781869987336429,0.547518150837161,0.851314240878776,1.23587562599529,1.4298128342246,0.587437101876453
1,M,SIP-S2-8,21.5C,Iso,5D,12:12,Batch9_5Days,1.01594018634837,1.36254748839173,0.821277226255742,1.20400156924284,0.823058837034363,0.994652406417112,0.886493309212252
1,M,SIP-S2-8,21.5C,Iso,5D,12:12,Batch9_5Days,0.371197601381483,0.73279864921908,0.168113794636242,0.887799136916438,1.3858101946627,0.891042780748663,0.745776830653463
1,M,SIP-S2-8,21.5C,Iso,5D,12:12,Batch9_5Days,1.02417594929503,1.27094765723934,0.885583049340643,1.21616320125539,0.789956251690864,1.34692513368984,0.674676139137513
1,M,SIP-S2-8,21.5C,Iso,5D,12:12,Batch9_5Days,0.738277321289637,1.32165470662727,0.410638613127871,1.02157708905453,0.96810257369631,2.05147058823529,0.434747779473176
1,M,SIP-S2-8,21.5C,Iso,5D,12:12,Batch9_5Days,0.99593904776363,1.39035457999156,0.774425840865313,0.778344448803452,1.34920445537122,1.05681818181818,0.783277224287994
1,M,SIP-S2-8,21.5C,Iso,5D,12:12,Batch9_5Days,0.500616733400383,1.20715491768679,0.103807971551341,0.972930561004316,0.985417706164682,0.787433155080214,1.20545669333062
1,M,SIP-S2-8,21.5C,Iso,5D,12:12,Batch9_5Days,0.77180864185817,1.5081257914732,0.358275300044451,1.0823852491173,1.12634788442183,1.40909090909091,0.459624777088309
1,M,SIP-S2-8,21.5C,Iso,5D,12:12,Batch9_5Days,0.394728352657647,0.801498522583369,0.166276485405245,0.608081600627697,1.83512082014976,0.745989304812834,1.04995535016111
1,M,SIP-S2-8,21.5C,Iso,5D,12:12,Batch9_5Days,0.953583695466535,1.76656817222457,0.496992146984739,0.912122400941546,1.00281008085968,0.891042780748663,1.08270138866442
1,M,SIP-S2-8,21.5C,Iso,5D,12:12,Batch9_5Days,0.39237527753003,0.610120303925707,0.270084456956586,0.9242840329541,1.30122661510014,1.34692513368984,0.507384505528063
1,M,SIP-S2-8,21.5C,Iso,5D,12:12,Batch9_5Days,1.07476706453878,1.46559729843816,0.85526744702919,1.16751667320518,0.780629252825931,2.30013368983957,0.401826616305808
1,M,SIP-S2-8,21.5C,Iso,5D,12:12,Batch9_5Days,0.491792701671822,1.01414098775855,0.198429396947696,0.644566496665359,1.68533794092093,1.0153743315508,0.798637133930486
1,M,SIP-S2-8,21.5C,Iso,5D,12:12,Batch9_5Days,0.370021063817675,0.4825348248206,0.30683064157653,0.595919968615143,1.85602035975364,1.47125668449198,0.535123001916371
1,M,SIP-S2-8,21.5C,Iso,5D,12:12,Batch9_5Days,0.621211833690722,0.852205571971296,0.491480219291747,0.668889760690467,1.491336735505,1.45053475935829,0.615322670326974
1,M,SIP-S2-8,21.5C,Iso,5D,12:12,Batch9_5Days,0.67121468015257,1.21696918531026,0.364705882352941,1.31345625735583,0.75897639716794,0.953208556149733,0.93352956310246
1,M,SIP-S2-8,21.5C,Iso,5D,12:12,Batch9_5Days,0.510029033910849,0.413834951456311,0.564053933916136,0.632404864652805,1.54826101559482,1.2225935828877,0.753771650674062
1,M,SIP-S2-8,21.5C,Iso,5D,12:12,Batch9_5Days,1.3077215021728,1.87943224989447,0.986635057045488,0.960768928991762,0.937661966241679,1.24331550802139,0.766711581280436
1,M,SIP-S2-8,21.5C,Iso,5D,12:12,Batch9_5Days,0.936523900791316,1.45741874208527,0.643976885464513,0.86347587289133,1.26035379640453,1.2225935828877,0.642857959762286
1,M,SIP-S2-8,21.5C,Iso,5D,12:12,Batch9_5Days,0.605328576579312,1.06484803714648,0.347251444658468,0.86347587289133,1.23217670246678,0.600935828877005,1.38085547254548
1,M,SIP-S2-8,21.5C,Iso,5D,12:12,Batch9_5Days,1.01476364878456,1.61608273533136,0.677048451622463,0.741859552765791,1.5290162073661,0.621657754010695,1.22304876447707
1,M,SIP-S2-8,21.5C,Iso,5D,12:12,Batch9_5Days,0.653566616695448,0.917634022794428,0.505260038524226,1.14319340918007,0.827724413607085,1.67847593582888,0.553062900496385
1,M,SIP-S2-8,21.5C,Iso,5D,12:12,Batch9_5Days,1.0347647873693,1.25622625580414,0.910386723959105,1.02157708905453,0.936561997824555,1.20187165775401,0.765645066891072
1,M,SIP-S2-8,21.5C,Iso,5D,12:12,Batch9_5Days,1.0630016889007,1.31674757281553,0.92049192472959,0.912122400941546,1.14411186076514,0.745989304812834,1.12139934039601
1,M,SIP-S2-8,21.5C,Iso,5D,12:12,Batch9_5Days,0.485321745070877,0.80967707893626,0.303156023114536,1.25264809729306,0.736500881243916,1.28475935828877,0.758257327148106
1,M,SIP-S2-8,21.5C,Iso,5D,12:12,Batch9_5Days,0.730629827124884,1.38054031236809,0.36562453696844,0.826990976853668,1.3954716971831,1.30548128342246,0.562766765756341
1,M,SIP-S2-8,21.5C,Iso,5D,12:12,Batch9_5Days,0.530618441277492,1.25622625580414,0.123099718476811,1.50804236955669,0.799270169210966,0.766711229946524,0.868473438599633
1,M,SIP-S2-8,21.5C,Iso,5D,12:12,Batch9_5Days,1.03182344345978,1.36909033347404,0.842406282412209,1.10670851314241,0.979193765211652,0.828877005347594,0.961238192666874
1,M,SIP-S2-8,21.5C,Iso,5D,12:12,Batch9_5Days,0.500028464618479,0.826034191642043,0.316935842347014,0.839152608866222,1.26789196920495,0.911764705882353,0.92046825623708
1,M,SIP-S2-8,21.5C,Iso,5D,12:12,Batch9_5Days,0.312370723191073,0.333685099197974,0.30040005926804,0.535111808552374,1.95756379339112,1.30548128342246,0.652168648654272
1,M,SIP-L2-1,21.5C,Grp,5D,12:12,Batch9_5Days,1.25477731180143,1.38871886872098,1.17955252630019,1.0823852491173,0.853569998712337,0.828877005347594,1.14925345304456
1,M,SIP-L2-1,21.5C,Grp,5D,12:12,Batch9_5Days,1.49773231872782,1.89578936260025,1.27417395169655,0.741859552765791,1.24005430382909,0.248663101604278,3.88239303896781
1,M,SIP-L2-1,21.5C,Grp,5D,12:12,Batch9_5Days,1.17359621989867,1.2889404812157,1.1088161209068,0.790506080816006,1.20533523792983,0.953208556149733,0.983072451212522
1,M,SIP-L2-1,21.5C,Grp,5D,12:12,Batch9_5Days,1.51420384462114,2.00211059518784,1.2401837309231,0.681051392703021,1.36718741125729,0.538770053475936,1.77809969854356
1,M,SIP-L2-1,21.5C,Grp,5D,12:12,Batch9_5Days,1.35772434863465,1.55065428450823,1.24937027707809,0.80266771282856,1.16659168938646,0.393716577540107,2.44689716855171
1,M,SIP-L2-1,21.5C,Grp,5D,12:12,Batch9_5Days,1.57185418524774,2.02991768678767,1.31459475477849,1.00941545704198,0.893776318679123,0.145053475935829,6.66483285395732
1,M,SIP-L2-1,21.5C,Grp,5D,12:12,Batch9_5Days,1.29830920166233,1.57846137610806,1.14096903244925,1.21616320125539,0.757514516508488,1.16042780748663,0.797640498572003
1,M,SIP-L2-1,21.5C,Grp,5D,12:12,Batch9_5Days,1.39655008824032,1.63080413676657,1.26498740554156,1.05806198509219,0.858276557219574,0.331550802139037,2.94231673707938
1,M,SIP-L2-1,21.5C,Grp,5D,12:12,Batch9_5Days,1.07653187088449,1.05503376952301,1.08860571936583,0.912122400941546,1.03885645328454,1.03609625668449,0.919402762435648
1,M,SIP-L2-1,21.5C,Grp,5D,12:12,Batch9_5Days,1.42596352733552,1.65697551709582,1.29622166246851,0.705374656728129,1.32936535546174,0.207219251336898,4.62305921621324
1,M,SIP-L2-1,21.5C,Grp,5D,12:12,Batch9_5Days,1.29830920166233,1.55556141831997,1.15383019706623,0.535111808552374,1.75726065571205,0.683823529411765,1.40092703521613
1,M,SIP-L2-1,21.5C,Grp,5D,12:12,Batch9_5Days,1.24654154885477,1.33637610806247,1.19608830937917,0.826990976853668,1.14261699649693,0.787433155080214,1.20288642319559
1,M,SIP-L2-1,21.5C,Grp,5D,12:12,Batch9_5Days,1.55126477788109,2.14768889826931,1.21629871092014,0.413495488426834,2.25024780799326,0.580213903743316,1.65806902472839
1,M,SIP-L2-1,21.5C,Grp,5D,12:12,Batch9_5Days,1.34713551056037,1.93831785563529,1.01511335012594,0.766182816790899,1.19382152483295,0.932486631016043,1.02011165803766
1,M,SIP-L2-1,21.5C,Grp,5D,12:12,Batch9_5Days,1.39772662580413,1.72894681300127,1.21170543784264,0.972930561004316,0.954327709948237,0.683823529411765,1.37823596351897
1,M,SIP-L2-1,21.5C,Grp,5D,12:12,Batch9_5Days,1.19771523995673,1.24314056563951,1.1722032893762,0.790506080816006,1.19368948683872,0.580213903743316,1.64760435346433
1,M,SIP-L2-1,21.5C,Grp,5D,12:12,Batch9_5Days,1.1924208209196,1.25622625580414,1.15658616091273,0.620243232640251,1.5256097035111,1.05681818181818,0.883500960403083
1,M,SIP-L2-1,21.5C,Grp,5D,12:12,Batch9_5Days,1.47949598648879,1.87779653862389,1.25580085938658,0.80266771282856,1.14119538154167,0.580213903743316,1.63016323469089
1,M,SIP-L2-1,21.5C,Grp,5D,12:12,Batch9_5Days,1.44302332201074,1.82381806669481,1.22915987553712,0.997253825029423,0.927095115171161,0.725267379679144,1.29575885074146
1,M,SIP-L2-1,21.5C,Grp,5D,12:12,Batch9_5Days,1.42008083951648,1.88597509497678,1.15842347014373,0.559435072577481,1.67380546738058,0.787433155080214,1.20888372017733
1,M,SIP-L2-1,21.5C,Grp,5D,12:12,Batch9_5Days,1.30360362069947,1.67169691853103,1.09687361090532,1.30129462534327,0.69229247974853,1.03609625668449,0.907682330619896
1,M,SIP-L2-1,21.5C,Grp,5D,12:12,Batch9_5Days,0.963584264758905,0.997783875052765,0.944376944732553,0.936445664966654,1.01749078526544,1.03609625668449,0.90182211471202
1,M,SIP-L2-1,21.5C,Grp,5D,12:12,Batch9_5Days,1.508909425584,1.96448923596454,1.25304489554008,0.620243232640251,1.47896145684363,0.414438502673797,2.31315744585881
1,M,SIP-L2-1,21.5C,Grp,5D,12:12,Batch9_5Days,1.17241968233486,1.38217602363867,1.05461549859238,1.03373872106709,0.887376874106177,1.20187165775401,0.784168737864243
1,M,SIP-L2-1,21.5C,Grp,5D,12:12,Batch9_5Days,1.54773516518967,2.0282819755171,1.27784857015854,0.535111808552374,1.72285275476105,0.248663101604278,3.93665429737407
1,M,SIP-L2-1,21.5C,Grp,5D,12:12,Batch9_5Days,1.17653756380819,1.33310468552132,1.08860571936583,0.9242840329541,1.01878431537638,0.973930481283422,0.964926803743639
1,M,SIP-L2-1,21.5C,Grp,5D,12:12,Batch9_5Days,1.39243220676699,1.85653229210637,1.13178248629427,0.912122400941546,1.02011233962361,0.766711229946524,1.22483791948398
1,M,SIP-L2-1,21.5C,Grp,5D,12:12,Batch9_5Days,1.41772776438886,1.85653229210637,1.17128463476071,0.729697920753237,1.26883230935516,0.518048128342246,1.83489871426605
1,M,SIP-L2-1,21.5C,Grp,5D,12:12,Batch9_5Days,1.17594929502628,1.35927606585057,1.07298859090236,1.10670851314241,0.836592731442965,1.18114973262032,0.800210768707037
1,M,SIP-L2-1,21.5C,Grp,5D,12:12,Batch9_5Days,1.20889234681291,1.36581891093288,1.12075863090828,1.25264809729306,0.730201515189086,0.828877005347594,1.13948642653143
1,M,SIP-L2-1,21.5C,Grp,5D,12:12,Batch9_5Days,1.37125453061844,1.69132545377797,1.19149503630167,0.86347587289133,1.07986808658708,0.621657754010695,1.53776406323337
1,M,SIP-L2-1,21.5C,Grp,5D,12:12,Batch9_5Days,1.27477845038617,1.67823976361334,1.04818491628389,0.839152608866222,1.13546073138317,1.24331550802139,0.741751402413557
1,M,CS,21.5C,Iso,5D,12:12,Batch9_5Days,0.760043266220088,0.335320810468552,0.99857756704697,0.510788544527266,1.64010994533125,1.09826203208556,0.96503136176867
1,M,CS,21.5C,Iso,5D,12:12,Batch9_5Days,0.67827390553542,0.46290628957366,0.799229515483775,0.681051392703021,1.36622188342448,1.47125668449198,0.655262013486285
1,M,CS,21.5C,Iso,5D,12:12,Batch9_5Days,1.10300396607017,1.08611228366399,1.1124907393688,0.86347587289133,1.12632221443039,0.870320855614973,1.04569196557204
1,M,CS,21.5C,Iso,5D,12:12,Batch9_5Days,1.23007002296146,1.43942591810891,1.1124907393688,1.07022361710475,0.861426377380523,0.849598930481283,1.12122288101908
1,M,CS,21.5C,Iso,5D,12:12,Batch9_5Days,0.89828642996755,0.664098775854791,1.02981182397392,1.07022361710475,0.869413925815578,1.20187165775401,0.792588588306593
1,M,CS,21.5C,Iso,5D,12:12,Batch9_5Days,1.01770499269408,1.08611228366399,0.9792858201215,1.04590035307964,0.795325484606707,1.36764705882353,0.761137470189611
1,M,CS,21.5C,Iso,5D,12:12,Batch9_5Days,0.80769303755432,0.43346348670325,1.01786931397244,0.826990976853668,1.23326302127122,0.766711229946524,1.13420695274055
1,M,CS,21.5C,Iso,5D,12:12,Batch9_5Days,0.925935062717043,0.947076825664838,0.9140613424211,1.19183993723029,0.88276830428235,1.09826203208556,0.736519798065331
1,M,CS,21.5C,Iso,5D,12:12,Batch9_5Days,1.26771922500332,1.58663993246095,1.08860571936583,0.972930561004316,1.01312835496629,0.683823529411765,1.28944481339964
1,M,CS,21.5C,Iso,5D,12:12,Batch9_5Days,1.02652902442264,1.05339805825243,1.01143873166395,0.936445664966654,1.09543521395037,0.745989304812834,1.14310384375852
1,M,CS,21.5C,Iso,5D,12:12,Batch9_5Days,1.0635899576826,0.969976783452934,1.11616535783079,1.04590035307964,0.9506182867394,0.766711229946524,1.14476590032231
1,M,CS,21.5C,Iso,5D,12:12,Batch9_5Days,0.850636658633319,0.781869987336429,0.889257667802638,1.00941545704198,1.02276153085002,1.36764705882353,0.63091045001459
1,M,CS,21.5C,Iso,5D,12:12,Batch9_5Days,1.00182173558267,0.824398480371465,1.10146688398281,0.960768928991762,1.02116179097269,0.828877005347594,1.10204615823112
1,M,CS,21.5C,Iso,5D,12:12,Batch9_5Days,0.818281875628594,0.44327775432672,1.02889316935842,0.705374656728129,1.39835065441277,0.932486631016043,0.96946781685849
1,M,CS,21.5C,Iso,5D,12:12,Batch9_5Days,0.894168548494222,0.768784297171803,0.964587346273522,1.05806198509219,0.947149509922252,1.30548128342246,0.667671865341774
1,M,CS,21.5C,Iso,5D,12:12,Batch9_5Days,1.48361386796212,2.02501055297594,1.17955252630019,0.948607296979208,0.967706459713619,0.642379679144385,1.46190332325507
1,M,CS,21.5C,Iso,5D,12:12,Batch9_5Days,1.08888551530448,1.17116926973407,1.0426729885909,0.887799136916438,1.08657592494398,1.13970588235294,0.79675258707081
1,M,CS,21.5C,Iso,5D,12:12,Batch9_5Days,0.905933924132303,0.90618404390038,0.905793450881612,0.948607296979208,0.924034893121959,1.18114973262032,0.864753107653429
1,M,CS,21.5C,Iso,5D,12:12,Batch9_5Days,1.1065335787616,1.43779020683833,0.92049192472959,1.0823852491173,0.832306689135873,1.32620320855615,0.735070484972286
1,M,CS,21.5C,Iso,5D,12:12,Batch9_5Days,1.10535704119779,1.17771211481638,1.06472069936287,1.16751667320518,0.844273629138579,0.911764705882353,0.970043315053707
1,M,CS,21.5C,Iso,5D,12:12,Batch9_5Days,0.962407727195096,1.08938370620515,0.891094977033635,1.21616320125539,0.838078158878056,1.36764705882353,0.620058198333339
1,M,CS,21.5C,Iso,5D,12:12,Batch9_5Days,0.968878683796041,0.937262558041368,0.986635057045488,1.20400156924284,0.850912852089939,0.994652406417112,0.845797365407558
1,M,CS,21.5C,Iso,5D,12:12,Batch9_5Days,1.03829440006072,1.11391937526382,0.995821603200474,1.22832483326795,0.736630818662539,1.4298128342246,0.673311441267228
1,M,CS,21.5C,Iso,5D,12:12,Batch9_5Days,1.08300282748544,1.16462642465175,1.03716106089791,0.960768928991762,0.957510285235116,0.766711229946524,1.2547549376323
1,M,CS,21.5C,Iso,5D,12:12,Batch9_5Days,1.0494715069169,1.28239763613339,0.918654615498592,0.912122400941546,1.06480984143044,1.24331550802139,0.727100862643867
1,M,CS,21.5C,Iso,5D,12:12,Batch9_5Days,0.961231189631288,0.734434360489658,1.08860571936583,0.9242840329541,1.13048064045605,0.310828877005348,2.72391517199419
1,M,CS,21.5C,Iso,5D,12:12,Batch9_5Days,0.826517638575251,0.518520472773322,0.999496221662469,1.03373872106709,1.00632990310822,0.849598930481283,1.00211280159071
1,M,CS,21.5C,Iso,5D,12:12,Batch9_5Days,1.05535419473594,1.18261924862811,0.983879093198992,1.13103177716752,0.874415227854732,0.745989304812834,1.16752141004133
1,M,CS,21.5C,Iso,5D,12:12,Batch9_5Days,1.13947663054823,1.23169058674546,1.08768706475033,1.26480972930561,0.717461451148708,0.704545454545455,1.34536002460224
1,M,CS,21.5C,Iso,5D,12:12,Batch9_5Days,0.917111030988481,1.00923385394681,0.865372647799674,1.0823852491173,0.956848930940875,1.07754010695187,0.776979480948082
1,M,CS,21.5C,Iso,5D,12:12,Batch9_5Days,0.964172533540809,1.13518362178134,0.86812861164617,1.05806198509219,0.988167795785027,0.953208556149733,0.875493608459244
1,M,SIP-S2-10,21.5C,Grp,5D,12:12,Batch9_5Days,0.537089397878437,0.804769945124525,0.386753593124907,0.887799136916438,1.23545238091789,0.973930481283422,0.82430932983125
1,M,SIP-S2-10,21.5C,Grp,5D,12:12,Batch9_5Days,0.687097937263981,1.07629801604052,0.468513853904282,0.887799136916438,1.12805394252875,0.787433155080214,1.13520264297304
1,M,SIP-S2-10,21.5C,Grp,5D,12:12,Batch9_5Days,0.458261381103289,0.847298438159561,0.239768854645133,0.608081600627697,1.87188812002312,0.352272727272727,2.16215155555292
1,M,SIP-S2-10,21.5C,Grp,5D,12:12,Batch9_5Days,0.391198739966222,0.402384972562263,0.38491628389391,0.729697920753237,1.31839607143935,1.20187165775401,0.777994180873186
1,M,SIP-S2-10,21.5C,Grp,5D,12:12,Batch9_5Days,0.445907736683303,0.660827353313635,0.325203733886502,0.778344448803452,1.41341205625301,0.704545454545455,1.14906194272077
1,M,SIP-S2-10,21.5C,Grp,5D,12:12,Batch9_5Days,1.22418733514242,1.68314689742507,0.966424655504519,1.03373872106709,0.935721420652463,1.09826203208556,0.798561916167581
1,M,SIP-S2-10,21.5C,Grp,5D,12:12,Batch9_5Days,0.438260242518549,0.683727311101731,0.30040005926804,0.644566496665359,1.42111122984435,0.953208556149733,1.04110840585574
1,M,SIP-S2-10,21.5C,Grp,5D,12:12,Batch9_5Days,0.84651877715999,1.10246939636978,0.702770780856423,0.912122400941546,1.06913540612143,1.16042780748663,0.784268974179033
1,M,SIP-S2-10,21.5C,Grp,5D,12:12,Batch9_5Days,1.05594246351785,0.999419586323343,1.08768706475033,0.851314240878776,1.09683961807082,0.683823529411765,1.36442400683374
1,M,SIP-S2-10,21.5C,Grp,5D,12:12,Batch9_5Days,0.897698161185646,1.18425495989869,0.736761001629871,1.04590035307964,1.0128611507521,1.82352941176471,0.451724976232104
1,M,SIP-S2-10,21.5C,Grp,5D,12:12,Batch9_5Days,0.652390079131639,0.878376952300549,0.525470440065195,0.693213024715575,1.54240530428491,0.435160427807487,1.89604340088156
1,M,SIP-S2-10,21.5C,Grp,5D,12:12,Batch9_5Days,0.764161147693417,1.15481215702828,0.544762186990665,0.814829344841114,1.21535455683231,0.580213903743316,1.58249084337682
1,M,SIP-S2-10,21.5C,Grp,5D,12:12,Batch9_5Days,1.0065278858379,1.62916842549599,0.656838050081494,0.741859552765791,1.43683204182055,0.932486631016043,0.857327882818888
1,M,SIP-S2-10,21.5C,Grp,5D,12:12,Batch9_5Days,0.501205002182288,0.811312790206839,0.327041043117499,0.814829344841114,1.24602087367137,0.745989304812834,1.18470414186998
1,M,SIP-S2-10,21.5C,Grp,5D,12:12,Batch9_5Days,0.764161147693417,1.08938370620515,0.581508371610609,0.826990976853668,1.26745406570363,0.891042780748663,0.950960100812944
1,M,SIP-S2-10,21.5C,Grp,5D,12:12,Batch9_5Days,1.29124997627948,1.91378218657662,0.941620980886057,0.86347587289133,1.1232760421128,0.828877005347594,1.07274507869174
1,M,SIP-S2-10,21.5C,Grp,5D,12:12,Batch9_5Days,1.15947776913297,1.79601097509498,0.801985479330271,1.14319340918007,0.866838562408531,1.03609625668449,0.821732497304382
1,M,SIP-S2-10,21.5C,Grp,5D,12:12,Batch9_5Days,0.530618441277492,0.750791473195441,0.406963994665876,0.717536288740683,1.30683373926748,0.911764705882353,1.06401394893
1,M,SIP-S2-10,21.5C,Grp,5D,12:12,Batch9_5Days,0.901816042658975,1.09265512874631,0.794636242406282,1.07022361710475,0.981239603906345,0.911764705882353,0.896050689954264
1,M,SIP-S2-10,21.5C,Grp,5D,12:12,Batch9_5Days,0.664155454769721,0.960162515829464,0.497910801600237,1.27697136131816,0.725561982094735,1.26403743315508,0.753608821668564
1,M,SIP-S2-10,21.5C,Grp,5D,12:12,Batch9_5Days,0.731218095906788,1.17444069227522,0.482293673136761,0.668889760690467,1.66239315737571,0.538770053475936,1.46004524542379
1,M,SIP-S2-10,21.5C,Grp,5D,12:12,Batch9_5Days,0.866519915744729,1.20224778387505,0.677967106237961,0.875637504903884,1.20229671358761,1.0153743315508,0.82189195896174
1,M,SIP-S2-10,21.5C,Grp,5D,12:12,Batch9_5Days,0.592386663377422,0.924176867876741,0.406045340050378,0.814829344841114,1.49619345841109,0.290106951871658,2.31152960810662
1,M,SIP-S2-10,21.5C,Grp,5D,12:12,Batch9_5Days,0.512382109038465,0.664098775854791,0.427174396206846,0.632404864652805,1.96937969344297,0.290106951871658,2.22548675549098
1,M,SIP-S2-10,21.5C,Grp,5D,12:12,Batch9_5Days,1.52832229538683,2.02664626424652,1.24845162246259,0.608081600627697,1.47177338610714,0.393716577540107,2.50687013836915
1,M,SIP-S2-10,21.5C,Grp,5D,12:12,Batch9_5Days,0.951230620338919,1.10737653018151,0.863535338568677,0.887799136916438,1.08657592494398,0.932486631016043,0.981043551985158
1,M,SIP-S2-10,21.5C,Grp,5D,12:12,Batch9_5Days,0.780044404804828,1.12373364288729,0.587020299303601,1.3742644174186,0.759844770938254,0.891042780748663,0.916889078092735
1,M,SIP-S2-10,21.5C,Grp,5D,12:12,Batch9_5Days,0.372962407727195,0.520156184043901,0.290294858497555,0.644566496665359,1.65473253037152,0.766711229946524,1.08053230253328
1,M,SIP-S2-10,21.5C,Grp,5D,12:12,Batch9_5Days,0.402964115604304,1.04849092444069,0.0404208030819381,0.644566496665359,1.6802370391627,0.186497326203209,4.40963159981529
1,M,SIP-S2-10,21.5C,Grp,5D,12:12,Batch9_5Days,0.381198170673852,0.498891937526383,0.315098533116017,0.498626912514712,2.55709449262714,0.538770053475936,1.1632779013711
1,M,SIP-S2-10,21.5C,Grp,5D,12:12,Batch9_5Days,0.832988595176196,1.22678345293373,0.611823973922063,0.681051392703021,1.76498487837452,0.497326203208556,1.36331411745725
1,M,SIP-S2-10,21.5C,Grp,5D,12:12,Batch9_5Days,1.19771523995673,1.67660405234276,0.928759816269077,0.729697920753237,1.42833750733518,0.663101604278075,1.25852206216016
1,M,SIP-L2-2,21.5C,Iso,5D,12:12,Batch9_5Days,1.25889519327476,1.53102574926129,1.10606015706031,1.10670851314241,0.827085995858386,1.18114973262032,0.787645003602429
1,M,SIP-L2-2,21.5C,Iso,5D,12:12,Batch9_5Days,0.98593847847126,1.06648374841705,0.940702326270559,0.656728128677913,1.45887679508402,2.21724598930481,0.415326828361924
1,M,SIP-L2-2,21.5C,Iso,5D,12:12,Batch9_5Days,1.02299941173122,1.13027648796961,0.962750037042525,1.52020400156924,0.617690637872446,1.45053475935829,0.632066144349477
1,M,SIP-L2-2,21.5C,Iso,5D,12:12,Batch9_5Days,1.12535817978253,1.57355424229633,0.873640539339161,1.11887014515496,0.839253584065823,1.71991978609626,0.547188834771549
1,M,SIP-L2-2,21.5C,Iso,5D,12:12,Batch9_5Days,0.98593847847126,1.13027648796961,0.904874796266114,1.14319340918007,0.853033568713903,1.47125668449198,0.611241612300363
1,M,SIP-L2-2,21.5C,Iso,5D,12:12,Batch9_5Days,1.08594417139496,1.32983326298016,0.948970217810046,1.14319340918007,0.817370668336113,1.65775401069519,0.555906592372121
1,M,SIP-L2-2,21.5C,Iso,5D,12:12,Batch9_5Days,1.594796667742,2.12969607429295,1.29438435323752,0.34052569635151,2.74403010084267,0.186497326203209,5.12949762800499
1,M,SIP-L2-2,21.5C,Iso,5D,12:12,Batch9_5Days,1.40419758240507,1.8090966652596,1.1767965624537,0.632404864652805,1.47651487047995,0.891042780748663,1.05620170432648
1,M,SIP-L2-2,21.5C,Iso,5D,12:12,Batch9_5Days,1.22595214148813,1.46069016462643,1.09411764705882,1.14319340918007,0.815069836053675,1.2225935828877,0.755978888304147
1,M,SIP-L2-2,21.5C,Iso,5D,12:12,Batch9_5Days,1.24595328007287,1.69950401013086,0.991228330122981,1.03373872106709,0.897554673379079,1.59558823529412,0.579679365779071
1,M,SIP-L2-2,21.5C,Iso,5D,12:12,Batch9_5Days,1.16712526329772,1.49340439003799,0.983879093198992,0.717536288740683,1.2985858404923,1.51270053475936,0.61768637993974
1,M,SIP-L2-2,21.5C,Iso,5D,12:12,Batch9_5Days,1.51596865096685,1.96285352469396,1.26498740554156,0.851314240878776,1.07212210555091,0.621657754010695,1.50195163268524
1,M,SIP-L2-2,21.5C,Iso,5D,12:12,Batch9_5Days,1.18653813310056,1.49504010130857,1.01327604089495,1.25264809729306,0.739125617100095,1.34692513368984,0.69070408008213
1,M,SIP-L2-2,21.5C,Iso,5D,12:12,Batch9_5Days,1.28301421333283,1.54738286196708,1.13453845014076,1.14319340918007,0.796663177794171,0.994652406417112,0.963137336711092
1,M,SIP-L2-2,21.5C,Iso,5D,12:12,Batch9_5Days,1.24418847372716,1.41816167159139,1.14648096014224,0.98509219301687,0.951891242182483,0.973930481283422,0.953843653090446
1,M,SIP-L2-2,21.5C,Iso,5D,12:12,Batch9_5Days,1.1924208209196,1.58827564373153,0.970099273966514,1.04590035307964,0.909123044064268,1.13970588235294,0.798528410073197
1,M,SIP-L2-2,21.5C,Iso,5D,12:12,Batch9_5Days,1.54714689640777,2.09861756015196,1.2374277670766,0.595919968615143,1.54594799287446,0.600935828877005,1.57731864953366
1,M,SIP-L2-2,21.5C,Iso,5D,12:12,Batch9_5Days,1.48479040552593,2.0430033769523,1.17128463476071,0.729697920753237,1.25261144176398,1.07754010695187,0.874023654636198
1,M,SIP-L2-2,21.5C,Iso,5D,12:12,Batch9_5Days,1.37007799305463,1.74366821443647,1.16026077937472,0.960768928991762,0.952034886892099,0.642379679144385,1.50811291105911
1,M,SIP-L2-2,21.5C,Iso,5D,12:12,Batch9_5Days,1.26771922500332,1.50485436893204,1.13453845014076,0.98509219301687,0.947886089690832,1.09826203208556,0.845247074343532
1,M,SIP-L2-2,21.5C,Iso,5D,12:12,Batch9_5Days,1.34478243543276,1.59481848881385,1.20435620091865,0.960768928991762,0.956141435649362,0.787433155080214,1.19431885607881
1,M,SIP-L2-2,21.5C,Iso,5D,12:12,Batch9_5Days,0.99888039167315,0.811312790206839,1.10422284782931,0.826990976853668,1.18157888433851,0.745989304812834,1.23534798304916
1,M,SIP-L2-2,21.5C,Iso,5D,12:12,Batch9_5Days,1.47949598648879,1.97430350358801,1.20160023707216,0.595919968615143,1.58567256656717,0.725267379679144,1.29389846473896
1,M,SIP-L2-2,21.5C,Iso,5D,12:12,Batch9_5Days,1.41243334535173,1.76493246095399,1.21446140168914,1.07022361710475,0.863269657788613,0.683823529411765,1.38711507853091
1,M,SIP-L2-2,21.5C,Iso,5D,12:12,Batch9_5Days,1.06594303281022,0.973248205994091,1.11800266706179,1.17967830521773,0.81550272460166,0.994652406417112,0.925154455826712
1,M,SIP-L2-2,21.5C,Iso,5D,12:12,Batch9_5Days,1.22595214148813,1.49340439003799,1.07574455474885,0.997253825029423,0.936985888092618,1.16042780748663,0.812174764216537
1,M,SIP-L2-2,21.5C,Iso,5D,12:12,Batch9_5Days,0.988291553598877,0.922541156606163,1.02521855089643,0.632404864652805,1.54722121639026,1.20187165775401,0.760593156625661
1,M,SIP-L2-2,21.5C,Iso,5D,12:12,Batch9_5Days,1.53596978955159,2.10516040523428,1.21629871092014,0.571596704590035,1.64739591422564,0.600935828877005,1.55711100847202
1,M,SIP-L2-2,21.5C,Iso,5D,12:12,Batch9_5Days,1.47949598648879,1.94158927817645,1.21997332938213,0.875637504903884,1.03858610549135,0.621657754010695,1.53559361289712
1,M,SIP-L2-2,21.5C,Iso,5D,12:12,Batch9_5Days,1.2218342600148,1.45414731954411,1.09136168321233,1.15535504119262,0.808766766564154,0.994652406417112,0.945502427729059
1,M,SIP-L2-2,21.5C,Iso,5D,12:12,Batch9_5Days,1.08182628992163,1.37563317855635,0.916817306267595,1.07022361710475,0.89214771751535,1.38836898395722,0.661339456933595
1,M,SIP-L2-2,21.5C,Iso,5D,12:12,Batch9_5Days,1.43537582784599,2.0282819755171,1.10238553859831,0.887799136916438,1.0310250085358,1.03609625668449,0.909635735922521
1,M,CS,21.5C,Grp,5D,12:12,Batch9_5Days,1.23301136687098,1.57682566483748,1.03991702474441,1.11887014515496,0.845718422598543,0.849598930481283,1.08072545401344
1,M,CS,21.5C,Grp,5D,12:12,Batch9_5Days,1.24418847372716,1.58173279864922,1.05461549859238,1.0823852491173,0.878478447073337,1.26403743315508,0.726389239582801
1,M,CS,21.5C,Grp,5D,12:12,Batch9_5Days,1.09829781581494,1.39362600253271,0.932434434731072,0.98509219301687,1.03599944450716,1.07754010695187,0.796388315685705
1,M,CS,21.5C,Grp,5D,12:12,Batch9_5Days,1.1647721881701,1.55883284086112,0.943458290117054,1.03373872106709,0.95035200710726,1.36764705882353,0.640776133361183
1,M,CS,21.5C,Grp,5D,12:12,Batch9_5Days,1.08888551530448,1.36909033347404,0.931515780115573,1.25264809729306,0.70815373399718,1.45053475935829,0.670669153901358
1,M,CS,21.5C,Grp,5D,12:12,Batch9_5Days,1.26889576256713,1.45905445335585,1.16209808860572,1.07022361710475,0.875558193842544,0.891042780748663,1.05544457048825
1,M,CS,21.5C,Grp,5D,12:12,Batch9_5Days,1.25536558058333,1.60626846770789,1.05829011705438,0.960768928991762,1.00610444552939,1.32620320855615,0.681148359431067
1,M,CS,21.5C,Grp,5D,12:12,Batch9_5Days,1.2500711615462,1.62426129168426,1.03991702474441,1.11887014515496,0.88568287898263,0.849598930481283,1.01322974233736
1,M,CS,21.5C,Grp,5D,12:12,Batch9_5Days,1.42714006489933,1.80746095398903,1.21354274707364,1.16751667320518,0.791330519639562,0.186497326203209,4.93777451496954
1,M,CS,21.5C,Grp,5D,12:12,Batch9_5Days,1.1783023701539,1.45578303081469,1.02246258704993,1.17967830521773,0.765892511006617,1.40909090909091,0.659274289636044
1,M,CS,21.5C,Grp,5D,12:12,Batch9_5Days,1.00711615461981,1.07139088222879,0.971017928582012,1.10670851314241,0.881749725469716,1.38836898395722,0.649191414006821
1,M,CS,21.5C,Grp,5D,12:12,Batch9_5Days,1.03005863711407,1.27912621359223,0.890176322418136,0.936445664966654,1.06032511093914,1.0153743315508,0.859099679011746
1,M,CS,21.5C,Grp,5D,12:12,Batch9_5Days,0.848871852287607,0.953619670747151,0.79004296932879,0.972930561004316,1.07733595584808,1.61631016042781,0.512560194791429
1,M,CS,21.5C,Grp,5D,12:12,Batch9_5Days,1.09653300946923,1.14499788940481,1.06931397244036,1.26480972930561,0.804804584332029,0.766711229946524,1.114848882174
1,M,CS,21.5C,Grp,5D,12:12,Batch9_5Days,1.01417538000266,1.26604052342761,0.872721884723663,1.13103177716752,0.859299007160434,1.47125668449198,0.617661254139976
1,M,CS,21.5C,Grp,5D,12:12,Batch9_5Days,1.17065487598915,1.28403334740397,1.1069788116758,1.04590035307964,0.941187549767779,0.559491978609626,1.56995907655442
1,M,CS,21.5C,Grp,5D,12:12,Batch9_5Days,1.16947833842534,1.55883284086112,0.950807527041043,0.790506080816006,1.30681964029521,1.28475935828877,0.664262824683071
1,M,CS,21.5C,Grp,5D,12:12,Batch9_5Days,1.21065715315862,1.50158294639088,1.0472662616684,1.21616320125539,0.802932945763815,0.704545454545455,1.24194444975737
1,M,CS,21.5C,Grp,5D,12:12,Batch9_5Days,1.134770480293,1.62426129168426,0.859860720106683,0.948607296979208,1.04465160085131,1.59558823529412,0.55557891074668
1,M,CS,21.5C,Grp,5D,12:12,Batch9_5Days,1.19006774579198,1.43124736175602,1.05461549859238,0.936445664966654,1.06453832330049,0.663101604278075,1.28802662141857
1,M,CS,21.5C,Grp,5D,12:12,Batch9_5Days,1.23418790443479,1.52775432672014,1.06931397244036,0.948607296979208,0.993354840092849,1.30548128342246,0.709530550398031
1,M,CS,21.5C,Grp,5D,12:12,Batch9_5Days,1.05594246351785,1.32492612916843,0.904874796266114,1.25264809729306,0.774822024744134,1.30548128342246,0.686792499256361
1,M,CS,21.5C,Grp,5D,12:12,Batch9_5Days,0.937700438355125,1.1613550021106,0.812090680100756,1.00941545704198,0.983675102919443,1.69919786096257,0.518128845513422
1,M,CS,21.5C,Grp,5D,12:12,Batch9_5Days,0.905933924132303,1.15808357956944,0.764320640094829,1.0823852491173,0.957456454071631,1.28475935828877,0.654285754589017
1,M,CS,21.5C,Grp,5D,12:12,Batch9_5Days,1.16536045695201,1.17444069227522,1.16026077937472,1.14319340918007,0.861661689773045,0.725267379679144,1.23436611265895
1,M,CS,21.5C,Grp,5D,12:12,Batch9_5Days,1.15594815644154,1.49176867876741,0.967343310120018,1.07022361710475,0.901364119555797,1.28475935828877,0.717823937819571
1,M,CS,21.5C,Grp,5D,12:12,Batch9_5Days,1.07182572062926,1.53920430561418,0.80933471625426,0.9242840329541,1.04012756220689,1.49197860962567,0.610439157070411
1,M,CS,21.5C,Grp,5D,12:12,Batch9_5Days,0.825341101011443,1.05339805825243,0.697258853163432,0.936445664966654,0.983785086374659,1.67847593582888,0.565924828414906
1,M,CS,21.5C,Grp,5D,12:12,Batch9_5Days,1.20595100290339,1.61117560151963,0.978367165506001,1.14319340918007,0.870289810832188,1.28475935828877,0.656386190398291
1,M,CS,21.5C,Grp,5D,12:12,Batch9_5Days,1.20359792777577,1.33801181933305,1.12810786783227,1.15535504119262,0.874219390177721,0.393716577540107,2.19329718189509
1,M,SIP-S2-1,21.5C,Grp,5D,12:12,Batch9_5Days,1.1059453099797,1.69459687631912,0.775344495480812,0.912122400941546,1.04246109052703,1.26403743315508,0.722653218512207
1,M,SIP-S2-1,21.5C,Grp,5D,12:12,Batch9_5Days,0.660625842078297,1.19243351625158,0.361949918506445,0.80266771282856,1.44758954715301,0.994652406417112,0.72981392556418
1,M,SIP-S2-1,21.5C,Grp,5D,12:12,Batch9_5Days,0.529441903713684,1.03049810046433,0.24803674618462,0.729697920753237,1.68336559224108,0.808155080213904,0.829779859320326
1,M,SIP-S2-1,21.5C,Grp,5D,12:12,Batch9_5Days,0.625329715164051,1.01250527648797,0.407882649281375,0.826990976853668,1.38115916695558,1.24331550802139,0.605013031229785
1,M,SIP-S2-1,21.5C,Grp,5D,12:12,Batch9_5Days,1.22006945366909,1.57518995356691,1.02062527781894,1.09454688112985,0.92879486281396,0.994652406417112,0.853258288438419
1,M,SIP-S2-1,21.5C,Grp,5D,12:12,Batch9_5Days,0.478850788469932,1.09429084001688,0.133204919247296,0.960768928991762,1.31820215108137,0.414438502673797,1.51877262279118
1,M,SIP-S2-1,21.5C,Grp,5D,12:12,Batch9_5Days,0.660625842078297,1.31838328408611,0.291213513113054,0.936445664966654,1.05470749445734,1.38836898395722,0.660853535216524
1,M,SIP-S2-1,21.5C,Grp,5D,12:12,Batch9_5Days,0.311782454409169,0.768784297171803,0.0551192769299155,0.437818752451942,3.45744788841807,0.310828877005348,1.2458384930077
1,M,SIP-S2-1,21.5C,Grp,5D,12:12,Batch9_5Days,0.614152608307873,1.1155550865344,0.33255297081049,1.45939584150647,0.678572960898039,1.59558823529412,0.554310465744976
1,M,SIP-S2-1,21.5C,Grp,5D,12:12,Batch9_5Days,1.23301136687098,1.65370409455467,0.996740257815973,0.449980384464496,2.09263805320554,0.621657754010695,1.551871990419
1,M,SIP-S2-1,21.5C,Grp,5D,12:12,Batch9_5Days,1.18947947701008,1.75348248205994,0.872721884723663,1.31345625735583,0.680375279519282,1.18114973262032,0.803637795553748
1,M,SIP-S2-1,21.5C,Grp,5D,12:12,Batch9_5Days,1.23183482930717,1.90396791895315,0.854348792413691,0.559435072577481,1.69261227038485,0.580213903743316,1.64295338845808
1,M,SIP-S2-1,21.5C,Grp,5D,12:12,Batch9_5Days,1.28124940698712,1.81563951034192,0.981123129352497,0.875637504903884,1.12044140953948,0.725267379679144,1.2408774636677
1,M,SIP-S2-1,21.5C,Grp,5D,12:12,Batch9_5Days,0.592386663377422,1.12046222034614,0.295806786190547,0.814829344841114,1.27184514048321,1.07754010695187,0.797014407128854
1,M,SIP-S2-1,21.5C,Grp,5D,12:12,Batch9_5Days,0.783574017496252,1.36581891093288,0.4565713439028,0.790506080816006,1.38750805856933,0.642379679144385,1.2371566916627
1,M,SIP-S2-1,21.5C,Grp,5D,12:12,Batch9_5Days,1.05417765717214,1.52775432672014,0.788205660097792,1.33777952138093,0.676852565850488,1.78208556149733,0.531129387516147
1,M,SIP-S2-1,21.5C,Grp,5D,12:12,Batch9_5Days,0.599445888760271,0.642834529337273,0.575077789302119,0.632404864652805,1.83420579684974,1.03609625668449,0.702574773844238
1,M,SIP-S2-1,21.5C,Grp,5D,12:12,Batch9_5Days,0.738277321289637,1.462325875897,0.331634316194992,1.04590035307964,0.971365908076966,0.663101604278075,1.32261817365256
1,M,SIP-S2-1,21.5C,Grp,5D,12:12,Batch9_5Days,0.523559215894643,1.16789784719291,0.161683212327752,1.07022361710475,1.13238859736969,0.725267379679144,0.927402422246399
1,M,SIP-S2-1,21.5C,Grp,5D,12:12,Batch9_5Days,0.965349071104617,1.25622625580414,0.801985479330271,0.839152608866222,1.34311918122205,0.621657754010695,1.24041236716707
1,M,SIP-S2-1,21.5C,Grp,5D,12:12,Batch9_5Days,1.27595498794998,2.02501055297594,0.85526744702919,0.851314240878776,1.05821850475847,0.849598930481283,1.13075168737335
1,M,SIP-L2-2,21.5C,Grp,5D,12:12,Batch9_5Days,1.22359906636051,1.31838328408611,1.17036598014521,1.21616320125539,0.770491210581438,0.953208556149733,0.978118162401516
1,M,SIP-L2-2,21.5C,Grp,5D,12:12,Batch9_5Days,1.32831090953944,1.46723300970874,1.25028893169358,1.03373872106709,0.896918560924523,0.476604278074866,1.9987016574688
1,M,SIP-L2-2,21.5C,Grp,5D,12:12,Batch9_5Days,1.38537298138414,1.8172752216125,1.14280634168025,1.00941545704198,0.889867675886066,1.07754010695187,0.876528020408795
1,M,SIP-L2-2,21.5C,Grp,5D,12:12,Batch9_5Days,1.34360589786895,1.63734698184888,1.17863387168469,0.972930561004316,0.951624232016373,0.600935828877005,1.55935630192331
1,M,SIP-L2-2,21.5C,Grp,5D,12:12,Batch9_5Days,1.07417879575687,0.948712536935416,1.14464365091125,1.14319340918007,0.830600453960132,1.09826203208556,0.839718568770065
1,M,SIP-L2-2,21.5C,Grp,5D,12:12,Batch9_5Days,1.44949427861169,1.90560363022372,1.19333234553267,0.729697920753237,1.2535126010746,0.725267379679144,1.33482695679397
1,M,SIP-L2-2,21.5C,Grp,5D,12:12,Batch9_5Days,0.958878114503672,0.816219924018574,1.03899837012891,1.16751667320518,0.794146642485254,1.53342245989305,0.61901830198059
1,M,SIP-L2-2,21.5C,Grp,5D,12:12,Batch9_5Days,1.16006603791487,1.19734065006332,1.13913172321825,1.28913299333072,0.735550033537527,0.787433155080214,1.18746480238539
1,M,SIP-L2-2,21.5C,Grp,5D,12:12,Batch9_5Days,1.39066740042128,1.75511819333052,1.18598310860868,0.972930561004316,0.934727494942219,0.725267379679144,1.31436271076646
1,M,SIP-L2-2,21.5C,Grp,5D,12:12,Batch9_5Days,1.20536273412149,1.60626846770789,0.980204474736998,1.15535504119262,0.792261322348559,1.30548128342246,0.713664741514698
1,M,SIP-L2-2,21.5C,Grp,5D,12:12,Batch9_5Days,1.3224282217204,1.74857534824821,1.08309379167284,1.20400156924284,0.75151224934259,1.69919786096257,0.545524163781948
1,M,SIP-L2-2,21.5C,Grp,5D,12:12,Batch9_5Days,1.28360248211473,1.5833685099198,1.11524670321529,1.05806198509219,0.876921232611744,1.4298128342246,0.636508152956896
1,M,SIP-L2-2,21.5C,Grp,5D,12:12,Batch9_5Days,1.28595555724235,1.44269734065006,1.19792561861016,0.997253825029423,0.932370194062605,0.891042780748663,1.06074450735584
1,M,SIP-L2-2,21.5C,Grp,5D,12:12,Batch9_5Days,1.36772491792702,1.68314689742507,1.19057638168618,0.826990976853668,1.11876277945107,0.828877005347594,1.15902047955769
1,M,SIP-L2-2,21.5C,Grp,5D,12:12,Batch9_5Days,1.21183369072243,1.75511819333052,0.906712105497111,0.9242840329541,0.981077912642478,1.20187165775401,0.802692408837414
1,M,SIP-L2-2,21.5C,Grp,5D,12:12,Batch9_5Days,0.956525039376056,1.12046222034614,0.864453993184176,1.10670851314241,0.862142083326522,1.74064171122995,0.526721786957897
1,M,SIP-L2-2,21.5C,Grp,5D,12:12,Batch9_5Days,0.850636658633319,0.554506120726045,1.01695065935694,0.839152608866222,1.16837263664066,0.683823529411765,1.32594784178203
1,M,SIP-L2-2,21.5C,Grp,5D,12:12,Batch9_5Days,1.35831261741655,1.78128957365977,1.12075863090828,1.19183993723029,0.776836107768468,0.953208556149733,0.975994895768228
1,M,SIP-L2-2,21.5C,Grp,5D,12:12,Batch9_5Days,1.11359280414445,1.31674757281553,0.999496221662469,0.717536288740683,1.33890890117096,1.32620320855615,0.686235352406654
1,M,SIP-L2-2,21.5C,Grp,5D,12:12,Batch9_5Days,0.940053513482741,0.835848459265513,0.99857756704697,0.948607296979208,1.03494680827538,1.36764705882353,0.656561226715731
1,M,SIP-L2-2,21.5C,Grp,5D,12:12,Batch9_5Days,1.46420099815929,2.04791051076404,1.13637575937176,0.717536288740683,1.25276418063018,0.766711229946524,1.23803660396118
1,M,SIP-L2-2,21.5C,Grp,5D,12:12,Batch9_5Days,1.09535647190542,1.23986914309835,1.01419469551045,0.960768928991762,0.980780728192939,1.30548128342246,0.70177894205428
1,M,SIP-L2-2,21.5C,Grp,5D,12:12,Batch9_5Days,1.53008710173255,2.04136766568172,1.2429396947696,0.754021184778345,1.22092551761631,0.642379679144385,1.49130942458492
1,M,SIP-L2-2,21.5C,Grp,5D,12:12,Batch9_5Days,1.54479382128015,2.20493879273955,1.1740405986072,0.510788544527266,1.78944491680568,0.663101604278075,1.45793218680316
1,M,SIP-L2-2,21.5C,Grp,5D,12:12,Batch9_5Days,1.19712697117483,1.35764035457999,1.1069788116758,1.0823852491173,0.885161201511654,1.09826203208556,0.824975887240817
1,M,SIP-L2-2,21.5C,Grp,5D,12:12,Batch9_5Days,1.25360077423762,1.6209898691431,1.0472662616684,0.912122400941546,1.02083326707211,1.49197860962567,0.619482700138121
1,M,SIP-L2-2,21.5C,Grp,5D,12:12,Batch9_5Days,1.45478869764882,1.79273955255382,1.26498740554156,0.9242840329541,0.973963497032308,0.414438502673797,2.35873690292007
1,M,SIP-L2-2,21.5C,Grp,5D,12:12,Batch9_5Days,0.98593847847126,1.29875474883917,0.810253370869759,0.693213024715575,1.40960287956173,1.36764705882353,0.661987352556357
1,M,SIP-L2-2,21.5C,Grp,5D,12:12,Batch9_5Days,1.31183938364613,1.598089911355,1.15107423321974,0.826990976853668,1.13705101251956,0.994652406417112,0.935328441777885
1,M,SIP-L2-2,21.5C,Grp,5D,12:12,Batch9_5Days,1.19771523995673,1.42634022794428,1.06931397244036,1.19183993723029,0.792836283283585,1.09826203208556,0.826204444034921
1,M,SIP-L2-2,21.5C,Grp,5D,12:12,Batch9_5Days,1.28419075089664,1.55719712959055,1.13086383167877,0.899960768928992,1.03097496266516,1.13970588235294,0.840556221129681
1,M,SIP-S2-1,21.5C,Iso,5D,12:12,Batch9_5Days,0.430612748353796,0.760605740818911,0.245280782338124,0.839152608866222,1.23262921357193,0.911764705882353,0.95376493753183
1,M,SIP-S2-1,21.5C,Iso,5D,12:12,Batch9_5Days,1.3365466724861,1.93177501055298,1.00225218550896,0.9242840329541,0.995306743862818,1.47125668449198,0.62408089597959
1,M,SIP-S2-1,21.5C,Iso,5D,12:12,Batch9_5Days,0.4023758468224,0.634655972984382,0.271921766187583,1.00941545704198,1.17063851652069,0.559491978609626,1.27574247541826
1,M,SIP-S2-1,21.5C,Iso,5D,12:12,Batch9_5Days,0.668861605024954,1.13027648796961,0.409719958512372,0.814829344841114,1.61320966740225,0.435160427807487,1.31932374010646
1,M,SIP-S2-1,21.5C,Iso,5D,12:12,Batch9_5Days,0.524735753458451,0.98306247361756,0.26732849311009,0.86347587289133,1.23217670246678,0.766711229946524,1.07085326725
1,M,SIP-S2-1,21.5C,Iso,5D,12:12,Batch9_5Days,0.287663434351102,0.683727311101731,0.0652244777004001,0.656728128677913,2.12373210869816,0.248663101604278,2.04836250483627
1,M,SIP-S2-1,21.5C,Iso,5D,12:12,Batch9_5Days,0.482380401161357,1.24641198818067,0.0532819676989184,0.693213024715575,2.07835794691774,0.331550802139037,1.36738371183772
1,M,SIP-S2-1,21.5C,Iso,5D,12:12,Batch9_5Days,0.187069472645502,0.508706205149852,0.00643058230849015,0.681051392703021,2.29699071425218,0.0414438502673797,8.05779687332942
1,M,SIP-S2-1,21.5C,Iso,5D,12:12,Batch9_5Days,0.231189631288309,0.271528070915998,0.20853459771818,0.547273440564927,1.99817057808488,0.393716577540107,2.05792962145
1,M,SIP-S2-1,21.5C,Iso,5D,12:12,Batch9_5Days,0.271191908457787,0.572498944702406,0.101970662320344,0.997253825029423,1.02336530494,0.745989304812834,1.17746930741581
1,M,SIP-S2-1,21.5C,Iso,5D,12:12,Batch9_5Days,0.358843956961497,0.701720135078092,0.166276485405245,0.9242840329541,1.40509708300862,0.891042780748663,0.679906186727726
1,M,SIP-S2-1,21.5C,Iso,5D,12:12,Batch9_5Days,0.0500028464618479,0.0621570282819755,0.0431767669284338,0.133777952138093,10.6172951505959,0.310828877005348,1.560553791764
1,M,SIP-S2-1,21.5C,Iso,5D,12:12,Batch9_5Days,0.031766514222821,0.0785141409877586,0.00551192769299156,0.158101216163201,11.425313659742,0.0414438502673797,2.16502421040972
1,M,SIP-S2-1,21.5C,Iso,5D,12:12,Batch9_5Days,0.335901474467237,0.837484170536092,0.054200622314417,0.766182816790899,1.84866395721795,0.290106951871658,1.68830029726902
1,M,SIP-S2-1,21.5C,Iso,5D,12:12,Batch9_5Days,0.674156024062091,1.01086956521739,0.485049636983257,0.98509219301687,1.01263605497253,2.07219251336898,0.41900543741313
1,M,SIP-S2-1,21.5C,Iso,5D,12:12,Batch9_5Days,0.359432225743401,0.724620092866188,0.154333975403764,0.851314240878776,1.34169747647114,0.414438502673797,1.84108449772436
1,M,SIP-S2-1,21.5C,Iso,5D,12:12,Batch9_5Days,0.106476649524641,0.0686998733642888,0.127692991554304,0.182424480188309,7.14078637736528,0.559491978609626,1.08040194515573
1,M,SIP-S2-1,21.5C,Iso,5D,12:12,Batch9_5Days,0.318841679792019,0.616663149008021,0.151578011557268,0.778344448803452,1.30358326527101,0.953208556149733,0.928575274291454
1,M,SIP-S2-1,21.5C,Iso,5D,12:12,Batch9_5Days,0.59356320094123,0.883284086112284,0.43084901466884,0.741859552765791,1.35351173834669,0.683823529411765,1.30424333841953
1,M,SIP-S2-1,21.5C,Iso,5D,12:12,Batch9_5Days,0.391787008748126,0.85874841705361,0.129530300785302,0.741859552765791,1.59460878669659,0.290106951871658,2.49059176084728
1,M,SIP-S2-1,21.5C,Iso,5D,12:12,Batch9_5Days,0.262367876729226,0.651013085690165,0.0440954215439324,0.693213024715575,2.47107368859913,0.145053475935829,1.24180765666895
1,M,SIP-S2-1,21.5C,Iso,5D,12:12,Batch9_5Days,0.262367876729226,0.368035035880118,0.203022670025189,0.304040800313849,3.49938183500566,0.828877005347594,1.02065427062173
1,M,SIP-S2-1,21.5C,Iso,5D,12:12,Batch9_5Days,0.464732337704234,0.958526804558886,0.187405541561713,0.9242840329541,1.43995771949846,0.414438502673797,1.38691776486397
1,M,SIP-S2-1,21.5C,Iso,5D,12:12,Batch9_5Days,0.548854773516519,0.565956099620093,0.539250259297674,0.693213024715575,1.49307868938773,1.6370320855615,0.527501853873503
1,M,SIP-S2-1,21.5C,Iso,5D,12:12,Batch9_5Days,0.608269920488833,0.853841283241875,0.470351163135279,1.07022361710475,1.00274454200072,1.24331550802139,0.654933388963543
1,M,SIP-S2-1,21.5C,Iso,5D,12:12,Batch9_5Days,0.563561493064121,1.09592655128746,0.264572529263595,1.19183993723029,0.89049252694482,0.953208556149733,0.872662586281526
1,M,SIP-S2-1,21.5C,Iso,5D,12:12,Batch9_5Days,0.544148623261286,1.23005487547488,0.158927248481257,0.632404864652805,1.87059876900946,0.414438502673797,1.72062450406246
1,M,SIP-S2-1,21.5C,Iso,5D,12:12,Batch9_5Days,0.392963546311934,0.755698607007176,0.18924285079271,0.948607296979208,1.22072426615737,1.16042780748663,0.630787128972758
1,M,SIP-S2-1,21.5C,Iso,5D,12:12,Batch9_5Days,0.477674250906124,0.891462642465175,0.245280782338124,0.972930561004316,1.02056291927892,0.932486631016043,0.954998147950154
1,M,SIP-L2-1,21.5C,Iso,5D,12:12,Batch9_5Days,1.18771467066436,1.10246939636978,1.23559045784561,0.790506080816006,1.19119396874777,0.621657754010695,1.53993451356962
1,M,SIP-L2-1,21.5C,Iso,5D,12:12,Batch9_5Days,0.974761371615083,1.01086956521739,0.954482145503037,1.16751667320518,0.805411133868024,0.725267379679144,1.30506078075396
1,M,SIP-L2-1,21.5C,Iso,5D,12:12,Batch9_5Days,1.57538379793916,2.22293161671591,1.21170543784264,0.46214201647705,2.16847387797989,0.393716577540107,2.23784853090233
1,M,SIP-L2-1,21.5C,Iso,5D,12:12,Batch9_5Days,1.28242594455092,1.57518995356691,1.11800266706179,0.766182816790899,1.22729315637032,1.34692513368984,0.69120495323665
1,M,SIP-L2-1,21.5C,Iso,5D,12:12,Batch9_5Days,1.08947378408638,1.33310468552132,0.95264483627204,1.09454688112985,0.869318348312937,1.78208556149733,0.50614397085466
1,M,SIP-L2-1,21.5C,Iso,5D,12:12,Batch9_5Days,1.048883238135,1.13681933305192,0.999496221662469,0.826990976853668,1.15056840217889,1.40909090909091,0.654007755731907
1,M,SIP-L2-1,21.5C,Iso,5D,12:12,Batch9_5Days,1.40596238875078,1.76166103841283,1.20619351014965,0.899960768928992,1.04485768718014,0.663101604278075,1.42944502613988
1,M,SIP-L2-1,21.5C,Iso,5D,12:12,Batch9_5Days,1.22242252879671,1.51303292528493,1.05920877166988,1.19183993723029,0.772422266247056,0.994652406417112,0.954998147950154
1,M,SIP-L2-1,21.5C,Iso,5D,12:12,Batch9_5Days,1.50655635045638,1.99393203883495,1.23283449399911,0.632404864652805,1.45363928797956,0.538770053475936,1.77183878411206
1,M,SIP-L2-1,21.5C,Iso,5D,12:12,Batch9_5Days,1.34948858568799,2.01028915154073,0.978367165506001,0.778344448803452,1.18446126889822,1.13970588235294,0.828125460112974
1,M,SIP-L2-1,21.5C,Iso,5D,12:12,Batch9_5Days,1.36713664914511,1.74693963697763,1.15383019706623,0.595919968615143,1.58236218542611,0.663101604278075,1.430462424735
1,M,SIP-L2-1,21.5C,Iso,5D,12:12,Batch9_5Days,1.28889690115187,1.49831152384973,1.17128463476071,0.839152608866222,1.11743754517074,0.849598930481283,1.11487034344957
1,M,SIP-L2-1,21.5C,Iso,5D,12:12,Batch9_5Days,1.091826859214,1.03704094554664,1.12259594013928,0.754021184778345,1.25668119348936,1.03609625668449,0.895961898804144
1,M,SIP-L2-1,21.5C,Iso,5D,12:12,Batch9_5Days,1.37890202478319,1.91541789784719,1.07758186397985,0.851314240878776,1.08216359501213,1.03609625668449,0.918751627334773
1,M,SIP-L2-1,21.5C,Iso,5D,12:12,Batch9_5Days,1.36831318670892,1.76002532714225,1.14831826937324,0.547273440564927,1.69297795822105,0.642379679144385,1.52806705124722
1,M,SIP-L2-1,21.5C,Iso,5D,12:12,Batch9_5Days,1.01182230487504,1.17934782608696,0.917735960883094,1.43507257748137,0.638753938477862,1.76136363636364,0.528951514299129
1,M,SIP-L2-1,21.5C,Iso,5D,12:12,Batch9_5Days,1.11947549196349,1.14826931194597,1.10330419321381,0.851314240878776,1.10842595206453,1.05681818181818,0.893076476592423
1,M,SIP-L2-1,21.5C,Iso,5D,12:12,Batch9_5Days,0.992409435072205,1.00923385394681,0.982960438583494,1.05806198509219,0.889351016206524,0.766711229946524,1.23099730557334
1,M,SIP-L2-1,21.5C,Iso,5D,12:12,Batch9_5Days,1.09594474068733,1.30202617138033,0.980204474736998,1.30129462534327,0.696840386549797,1.36764705882353,0.678759014245564
1,M,SIP-L2-1,21.5C,Iso,5D,12:12,Batch9_5Days,1.02535248685883,1.29875474883917,0.871803230108164,1.00941545704198,0.97325205547129,1.11898395721925,0.803066624412629
1,M,SIP-L2-1,21.5C,Iso,5D,12:12,Batch9_5Days,1.21948118488719,1.55228999577881,1.03256778782042,0.778344448803452,1.21656506933911,1.07754010695187,0.879658477624541
1,M,SIP-L2-1,21.5C,Iso,5D,12:12,Batch9_5Days,1.41302161413363,2.04791051076404,1.05645280782338,0.814829344841114,1.09591732282754,0.911764705882353,1.0514352026631
1,M,SIP-L2-1,21.5C,Iso,5D,12:12,Batch9_5Days,1.48832001821736,1.80746095398903,1.30908282708549,0.681051392703021,2.00153919741268,0.124331550802139,4.24865653321006
1,M,SIP-L2-1,21.5C,Iso,5D,12:12,Batch9_5Days,1.48537867430784,1.8548965808358,1.27784857015854,0.851314240878776,1.55797571102031,0.331550802139037,1.65632491285105
1,M,SIP-L2-1,21.5C,Iso,5D,12:12,Batch9_5Days,1.38654951894795,1.94813212325876,1.07115128167136,0.814829344841114,1.14917987312696,1.09826203208556,0.835418619990701
1,M,SIP-L2-1,21.5C,Iso,5D,12:12,Batch9_5Days,1.27124883769475,1.75511819333052,0.999496221662469,0.80266771282856,1.15102621038482,0.704545454545455,1.37695922802706
1,M,SIP-L2-1,21.5C,Iso,5D,12:12,Batch9_5Days,1.07417879575687,1.61608273533136,0.769832567787821,1.11887014515496,0.811043379559409,1.92713903743316,0.492902269909757
1,M,SIP-L2-1,21.5C,Iso,5D,12:12,Batch9_5Days,1.3218399529385,1.79273955255382,1.05737146243888,0.656728128677913,1.4258342870279,1.38836898395722,0.673973421577441
1,M,SIP-L2-1,21.5C,Iso,5D,12:12,Batch9_5Days,1.24948289276429,1.36745462220346,1.18322714476219,1.31345625735583,0.696896533547344,1.05681818181818,0.893076476592423
1,M,SIP-L2-1,21.5C,Iso,5D,12:12,Batch9_5Days,1.54832343397157,2.09698184888139,1.2401837309231,0.766182816790899,1.16549937507056,0.932486631016043,1.0041950222385
1,M,SIP-L2-1,21.5C,Iso,5D,12:12,Batch9_5Days,1.30242708313566,1.94649641198818,0.940702326270559,1.00941545704198,0.887913354489538,1.40909090909091,0.665498375159115
1,M,SIP-L2-1,21.5C,Iso,5D,12:12,Batch9_5Days,1.05594246351785,1.28730476994512,0.926003852422581,1.59317379364457,0.599305336956876,0.911764705882353,0.987801545077574
1,M,SIP-L1-2,21.5C,Grp,5D,12:12,Batch9_5Days,1.31066284608232,1.60953989024905,1.14280634168025,1.15535504119262,0.795676241841441,0.932486631016043,0.987554902993909
1,M,SIP-L1-2,21.5C,Grp,5D,12:12,Batch9_5Days,1.09006205286828,1.30529759392149,0.969180619351015,0.790506080816006,1.2261312220211,1.61631016042781,0.560977933061629
1,M,SIP-L1-2,21.5C,Grp,5D,12:12,Batch9_5Days,1.25830692449286,1.60299704516674,1.06472069936287,0.899960768928992,1.0726231362101,1.07754010695187,0.847727814023935
1,M,SIP-L1-2,21.5C,Grp,5D,12:12,Batch9_5Days,1.35772434863465,1.6586112283664,1.18873907245518,1.07022361710475,0.853438828945469,1.05681818181818,0.889884637862643
1,M,SIP-L1-2,21.5C,Grp,5D,12:12,Batch9_5Days,1.465965804505,1.95140354579992,1.19333234553267,0.754021184778345,1.23051850382616,0.973930481283422,0.957307137669569
1,M,SIP-L1-2,21.5C,Grp,5D,12:12,Batch9_5Days,1.14124143689394,1.29221190375686,1.05645280782338,0.741859552765791,1.29678302108789,1.51270053475936,0.602968942728179
1,M,SIP-L1-2,21.5C,Grp,5D,12:12,Batch9_5Days,1.47243676110595,1.84344660194175,1.26406875092606,0.681051392703021,1.35173896593235,0.393716577540107,2.43661608801158
1,M,SIP-L1-2,21.5C,Grp,5D,12:12,Batch9_5Days,1.40360931362317,1.84508231321233,1.15566750629723,0.972930561004316,0.944865537186711,0.973930481283422,0.962848712996166
1,M,SIP-L1-2,21.5C,Grp,5D,12:12,Batch9_5Days,1.28536728846044,1.72076825664838,1.04083567935991,0.839152608866222,1.12684094667288,1.07754010695187,0.869014923091005
1,M,SIP-L1-2,21.5C,Grp,5D,12:12,Batch9_5Days,1.22712867905194,1.39035457999156,1.13545710475626,0.98509219301687,0.950556191351932,0.891042780748663,1.04408756291485
1,M,SIP-L1-2,21.5C,Grp,5D,12:12,Batch9_5Days,1.20359792777577,1.66351836217813,0.945295599348052,0.790506080816006,1.18620293256586,1.71991978609626,0.52169258082162
1,M,SIP-L1-2,21.5C,Grp,5D,12:12,Batch9_5Days,1.19948004630245,1.36909033347404,1.10422284782931,1.04590035307964,0.900949738688863,1.05681818181818,0.86818013450014
1,M,SIP-L1-2,21.5C,Grp,5D,12:12,Batch9_5Days,1.33301705979468,1.69296116504854,1.13086383167877,0.656728128677913,1.4648845238215,0.953208556149733,0.970332851412792
1,M,SIP-L1-2,21.5C,Grp,5D,12:12,Batch9_5Days,1.12535817978253,1.30202617138033,1.02613720551193,0.620243232640251,1.54151251487501,1.55414438502674,0.592532941796345
1,M,SIP-L1-2,21.5C,Grp,5D,12:12,Batch9_5Days,1.44125851566503,1.73876108062474,1.27417395169655,0.9242840329541,1.00313260103401,0.372994652406417,2.57198364845666
1,M,SIP-L1-2,21.5C,Grp,5D,12:12,Batch9_5Days,1.21477503463195,1.47050443224989,1.07115128167136,0.912122400941546,1.01650770238113,1.47125668449198,0.639671454732937
1,M,SIP-L1-2,21.5C,Grp,5D,12:12,Batch9_5Days,1.03299998102359,1.28403334740397,0.892013631649133,1.27697136131816,0.734316101112201,2.13435828877005,0.41944479556372
1,M,SIP-L1-2,21.5C,Grp,5D,12:12,Batch9_5Days,1.21183369072243,1.24968341072182,1.19057638168618,0.778344448803452,1.22332376416877,0.828877005347594,1.10692967148768
1,M,SIP-L1-2,21.5C,Grp,5D,12:12,Batch9_5Days,1.29713266409853,1.47868298860279,1.19516965476367,0.948607296979208,0.955922068728568,0.870320855614973,1.0875506506283
1,M,SIP-L1-2,21.5C,Grp,5D,12:12,Batch9_5Days,1.15712469400535,1.37890460109751,1.03256778782042,0.948607296979208,1.00929842789615,1.26403743315508,0.715181176371017
1,M,SIP-L1-2,21.5C,Grp,5D,12:12,Batch9_5Days,1.28889690115187,1.65533980582524,1.08309379167284,0.571596704590035,1.66695298862636,1.09826203208556,0.823747330446713
1,M,SIP-L1-2,21.5C,Grp,5D,12:12,Batch9_5Days,1.3506651232518,1.53756859434361,1.24569565861609,0.98509219301687,0.933868055970052,0.435160427807487,2.1689000145816
1,M,SIP-L1-2,21.5C,Grp,5D,12:12,Batch9_5Days,1.17006660720724,1.52121148163782,0.972855237813009,0.814829344841114,1.15967098151927,1.86497326203209,0.477137332252369
1,M,SIP-L1-2,21.5C,Grp,5D,12:12,Batch9_5Days,1.19359735848341,1.58991135500211,0.971017928582012,0.778344448803452,1.21994441675394,1.4298128342246,0.637923664045755
1,M,SIP-L1-2,21.5C,Grp,5D,12:12,Batch9_5Days,1.32360475928421,1.69296116504854,1.11616535783079,0.899960768928992,1.06020175111775,0.994652406417112,0.927867518747024
1,M,SIP-L1-2,21.5C,Grp,5D,12:12,Batch9_5Days,1.04358881909786,1.19734065006332,0.957238109349533,0.790506080816006,1.26772319020363,1.26403743315508,0.701838243976035
1,M,SIP-L1-2,21.5C,Grp,5D,12:12,Batch9_5Days,1.14124143689394,1.27912621359223,1.06380204474737,1.42291094546881,0.65530456536481,1.32620320855615,0.694374541167592
1,M,SIP-L1-2,21.5C,Grp,5D,12:12,Batch9_5Days,1.34419416665085,1.60136133389616,1.19976292784116,1.05806198509219,0.848954219523488,0.745989304812834,1.27785263546739
1,M,SIP-L1-2,21.5C,Grp,5D,12:12,Batch9_5Days,1.34772377934228,1.61935415787252,1.19516965476367,0.997253825029423,0.925776345448301,0.766711229946524,1.19932046282806
1,M,SIP-L1-2,21.5C,Grp,5D,12:12,Batch9_5Days,1.25889519327476,1.60463275643732,1.06472069936287,1.2404864652805,0.74902241524016,1.2225935828877,0.760393363564317
1,M,SIP-L1-2,21.5C,Grp,5D,12:12,Batch9_5Days,1.3365466724861,1.54247572815534,1.22089198399763,0.474303648489604,1.99918727064046,0.600935828877005,1.57731864953366
1,M,SIP-L1-2,21.5C,Grp,5D,12:12,Batch9_5Days,1.2365409795624,1.36254748839173,1.16577270706771,0.583758336602589,1.57815524272602,0.891042780748663,1.07437291644392
1,M,SIP-S2-10,21.5C,Iso,5D,12:12,Batch9_5Days,0.71709964514109,1.07139088222879,0.518121203141206,0.899960768928992,1.2655199399972,0.911764705882353,0.831677106117748
1,M,SIP-S2-10,21.5C,Iso,5D,12:12,Batch9_5Days,0.507675958783232,0.484170536091178,0.520877166987702,0.668889760690467,1.64764691411099,0.787433155080214,1.01868373018487
1,M,SIP-S2-10,21.5C,Iso,5D,12:12,Batch9_5Days,0.424730060534755,0.575770367243563,0.339902207734479,0.741859552765791,1.60613180738978,1.05681818181818,0.663902455794224
1,M,SIP-S2-10,21.5C,Iso,5D,12:12,Batch9_5Days,0.972408296487466,1.16789784719291,0.862616683953178,0.559435072577481,1.7772428839041,1.2225935828877,0.738872796670988
1,M,SIP-S2-10,21.5C,Iso,5D,12:12,Batch9_5Days,1.25242423667381,1.65043267201351,1.02889316935842,0.814829344841114,1.17984618996603,1.13970588235294,0.790241236062059
1,M,SIP-S2-10,21.5C,Iso,5D,12:12,Batch9_5Days,0.951230620338919,1.30366188265091,0.753296784708846,0.668889760690467,1.57096644913447,0.518048128342246,1.62653548198601
1,M,SIP-S2-10,21.5C,Iso,5D,12:12,Batch9_5Days,0.594739738505038,0.685363022372309,0.543843532375167,0.656728128677913,1.67916018212485,1.03609625668449,0.769641689234374
1,M,SIP-S2-10,21.5C,Iso,5D,12:12,Batch9_5Days,1.11065146023493,1.58009708737864,0.846999555489702,1.25264809729306,0.722852254791784,1.18114973262032,0.788787345884667
1,M,SIP-S2-10,21.5C,Iso,5D,12:12,Batch9_5Days,0.876520485037099,1.05339805825243,0.777181804711809,0.766182816790899,1.35345545985734,1.24331550802139,0.68586230625511
1,M,SIP-S2-10,21.5C,Iso,5D,12:12,Batch9_5Days,0.345313774977703,0.685363022372309,0.154333975403764,0.535111808552374,2.58673683935236,0.704545454545455,0.723909023914087
1,M,SIP-S2-10,21.5C,Iso,5D,12:12,Batch9_5Days,0.377668557982428,0.255170958210215,0.446466143132316,0.449980384464496,2.45358889059504,0.310828877005348,2.58066544980167
1,M,SIP-S2-10,21.5C,Iso,5D,12:12,Batch9_5Days,0.167656602842667,0.410563528915154,0.0312342569269521,0.632404864652805,2.64316957800002,0.0414438502673797,5.35558620469774
1,M,SIP-S2-10,21.5C,Iso,5D,12:12,Batch9_5Days,0.653566616695448,0.886555508653441,0.522714476218699,0.535111808552374,1.92315589244011,0.994652406417112,0.880388917641548
1,M,SIP-S2-10,21.5C,Iso,5D,12:12,Batch9_5Days,0.489439626544206,0.904548332629802,0.256304637724107,0.960768928991762,1.2155384321498,0.953208556149733,0.76225272135053
1,M,SIP-S2-10,21.5C,Iso,5D,12:12,Batch9_5Days,0.889462398238989,1.3347403967919,0.63938361238702,0.705374656728129,1.56801720048152,0.600935828877005,1.30002490829892
1,M,SIP-S2-10,21.5C,Iso,5D,12:12,Batch9_5Days,0.656507960604968,1.23169058674546,0.333471625425989,0.705374656728129,1.73022587639341,0.538770053475936,1.2359045087764
1,M,SIP-S2-10,21.5C,Iso,5D,12:12,Batch9_5Days,0.700039850465871,0.541420430561419,0.789124314713291,0.668889760690467,1.58866194105213,1.30548128342246,0.63976607530427
1,M,SIP-S2-10,21.5C,Iso,5D,12:12,Batch9_5Days,0.162950452587434,0.404020683832841,0.0275596384649578,0.40133385641428,3.42604385183581,0.124331550802139,4.27036103657256
1,M,SIP-S2-10,21.5C,Iso,5D,12:12,Batch9_5Days,0.962407727195096,1.48686154495568,0.667861905467477,0.839152608866222,1.15113306722007,1.11898395721925,0.807286944510894
1,M,SIP-S2-10,21.5C,Iso,5D,12:12,Batch9_5Days,0.905345655350399,1.22514774166315,0.725737146243888,1.0823852491173,0.976897194255827,1.18114973262032,0.705967530422482
1,M,SIP-S2-10,21.5C,Iso,5D,12:12,Batch9_5Days,0.327077442738676,0.423649219079781,0.272840420803082,0.80266771282856,1.41645858914971,1.09826203208556,0.693520310271692
1,M,SIP-S2-10,21.5C,Iso,5D,12:12,Batch9_5Days,0.993585972636014,1.41652596032081,0.756052748555342,1.13103177716752,0.952321903740725,0.953208556149733,0.829489498071329
1,M,SIP-S2-10,21.5C,Iso,5D,12:12,Batch9_5Days,0.64238950983927,0.757334318277755,0.577833753148615,0.595919968615143,1.82512346910376,0.891042780748663,0.916889078092735
1,M,SIP-S2-10,21.5C,Iso,5D,12:12,Batch9_5Days,0.462967531358521,0.6559202195019,0.354600681582457,0.52295017653982,2.67707186834416,0.538770053475936,0.917850055656638
1,M,SIP-S2-10,21.5C,Iso,5D,12:12,Batch9_5Days,0.798280737043855,0.899641198818067,0.741354274707364,1.02157708905453,1.04985059687412,1.13970588235294,0.700858144941931
1,M,SIP-S2-10,21.5C,Iso,5D,12:12,Batch9_5Days,0.581797825303148,0.786777121148164,0.466676544673285,0.717536288740683,1.73480804237962,0.455882352941176,1.43989648443518
1,M,SIP-S2-10,21.5C,Iso,5D,12:12,Batch9_5Days,1.13124086760157,1.47050443224989,0.940702326270559,0.875637504903884,1.17000517162367,0.994652406417112,0.84511909967748
1,M,SIP-S2-10,21.5C,Iso,5D,12:12,Batch9_5Days,0.825341101011443,0.996148163782187,0.729411764705882,1.19183993723029,0.931872291208055,1.16042780748663,0.649390988997761
1,M,SIP-S2-10,21.5C,Iso,5D,12:12,Batch9_5Days,0.171186215534091,0.446549176867877,0.0165357830789747,0.389172224401726,3.73079954597328,0.124331550802139,3.64093043905996
1,M,SIP-S2-10,21.5C,Iso,5D,12:12,Batch9_5Days,0.662978917205913,0.554506120726045,0.723899837012891,0.754021184778345,1.44941300734165,1.11898395721925,0.716851513833796
1,M,SIP-S2-10,21.5C,Iso,5D,12:12,Batch9_5Days,1.33184052223087,1.95140354579992,0.983879093198992,0.705374656728129,1.31072068006957,0.414438502673797,2.31641312136319
1,M,SIP-S2-10,21.5C,Iso,5D,12:12,Batch9_5Days,0.96005465206748,1.24968341072182,0.797392206252778,0.754021184778345,1.41278524181316,0.808155080213904,1.01593771508334
1,M,SIP-L1-2,21.5C,Iso,5D,12:12,Batch9_5Days,1.27595498794998,1.60790417897847,1.08952437398133,0.583758336602589,1.62433965739537,1.30548128342246,0.713664741514698
1,M,SIP-L1-2,21.5C,Iso,5D,12:12,Batch9_5Days,1.31948687781088,1.72076825664838,1.09411764705882,0.875637504903884,1.08064020665369,1.07754010695187,0.848353905467084
1,M,SIP-L1-2,21.5C,Iso,5D,12:12,Batch9_5Days,1.13771182420252,1.45251160827353,0.960912727811528,0.46214201647705,2.1101356699765,1.51270053475936,0.60207697683657
1,M,SIP-L1-2,21.5C,Iso,5D,12:12,Batch9_5Days,1.09359166555971,1.1008336850992,1.08952437398133,0.851314240878776,1.13700557591567,1.03609625668449,0.876427845777891
1,M,SIP-L1-2,21.5C,Iso,5D,12:12,Batch9_5Days,1.35537127350703,1.74039679189531,1.13913172321825,0.960768928991762,0.937661966241679,1.13970588235294,0.826941578111383
1,M,SIP-L1-2,21.5C,Iso,5D,12:12,Batch9_5Days,1.380078562347,1.68641831996623,1.20803081938065,0.80266771282856,1.18379563986197,0.559491978609626,1.66039450723152
1,M,SIP-L1-2,21.5C,Iso,5D,12:12,Batch9_5Days,1.27771979429569,1.50321865766146,1.15107423321974,0.875637504903884,1.08890083366772,1.03609625668449,0.892706223299769
1,M,SIP-L1-2,21.5C,Iso,5D,12:12,Batch9_5Days,1.13771182420252,0.989605318699874,1.22089198399763,0.778344448803452,1.22670311158361,0.663101604278075,1.41418404721312
1,M,SIP-L1-2,21.5C,Iso,5D,12:12,Batch9_5Days,1.12888779247396,1.26276910088645,1.05369684397689,0.899960768928992,1.04485768718014,1.26403743315508,0.723186935808006
1,M,SIP-L1-2,21.5C,Iso,5D,12:12,Batch9_5Days,1.05005977569881,0.969976783452934,1.09503630167432,0.608081600627697,1.39391322166944,0.911764705882353,1.14614576279038
1,M,SIP-L1-2,21.5C,Iso,5D,12:12,Batch9_5Days,1.00829269218362,1.26113338961587,0.866291302415173,0.790506080816006,1.25108640293062,1.45053475935829,0.6195085388326
1,M,SIP-L1-2,21.5C,Iso,5D,12:12,Batch9_5Days,1.22536387270623,1.46069016462643,1.09319899244333,0.98509219301687,0.941878360953354,1.0153743315508,0.923548765526934
1,M,SIP-L1-2,21.5C,Iso,5D,12:12,Batch9_5Days,1.24242366738144,1.5228471929084,1.08493110090384,0.887799136916438,1.07620642054778,1.40909090909091,0.637250602400562
1,M,SIP-L1-2,21.5C,Iso,5D,12:12,Batch9_5Days,1.33007571588515,1.53593288307303,1.21446140168914,0.766182816790899,1.2333008851078,0.497326203208556,1.87879607231671
1,M,SIP-L1-2,21.5C,Iso,5D,12:12,Batch9_5Days,1.09653300946923,1.20879062895737,1.03348644243592,1.15535504119262,0.812181686057036,1.38836898395722,0.670086047840873
1,M,SIP-L1-2,21.5C,Iso,5D,12:12,Batch9_5Days,0.870637797218058,0.708262980160405,0.961831382427026,0.510788544527266,1.89243455230529,1.28475935828877,0.724650354199714
1,M,SIP-L1-2,21.5C,Iso,5D,12:12,Batch9_5Days,1.22948175417955,1.38217602363867,1.14372499629575,0.814829344841114,1.15967098151927,1.0153743315508,0.883683351187642
1,M,SIP-L1-2,21.5C,Iso,5D,12:12,Batch9_5Days,1.31654553390136,1.54901857323765,1.18598310860868,0.510788544527266,1.87312399564911,0.787433155080214,1.17718372184526
1,M,SIP-L1-2,21.5C,Iso,5D,12:12,Batch9_5Days,0.935935632009412,0.70335584634867,1.06655800859387,0.851314240878776,1.07057726101842,1.47125668449198,0.659847471943152
1,M,SIP-L1-2,21.5C,Iso,5D,12:12,Batch9_5Days,1.01476364878456,1.07629801604052,0.980204474736998,0.741859552765791,1.30741965557391,1.40909090909091,0.63916570563843
1,M,SIP-L1-2,21.5C,Iso,5D,12:12,Batch9_5Days,1.00476307949219,0.857112705783031,1.08768706475033,0.887799136916438,1.08805728271486,1.09826203208556,0.821904495255557
1,M,SIP-L1-2,21.5C,Iso,5D,12:12,Batch9_5Days,1.24536501129097,1.37890460109751,1.17036598014521,1.00941545704198,0.94328579405785,1.05681818181818,0.872010340975876
1,M,SIP-L1-2,21.5C,Iso,5D,12:12,Batch9_5Days,1.08476763383115,1.06811945968763,1.09411764705882,0.656728128677913,1.46888967631315,1.0153743315508,0.911589141225147
1,M,SIP-L1-2,21.5C,Iso,5D,12:12,Batch9_5Days,1.19948004630245,1.31674757281553,1.13361979552526,0.839152608866222,1.1393788153424,0.891042780748663,1.03121628766499
1,M,SIP-L1-2,21.5C,Iso,5D,12:12,Batch9_5Days,1.07653187088449,0.999419586323343,1.11983997629278,0.814829344841114,1.17661815661455,0.994652406417112,0.93329364458765
1,M,SIP-L1-2,21.5C,Iso,5D,12:12,Batch9_5Days,1.2065392716853,1.27912621359223,1.16577270706771,0.86347587289133,1.11032980976302,0.808155080213904,1.13531248357711
1,M,SIP-L1-2,21.5C,Iso,5D,12:12,Batch9_5Days,1.12712298612824,1.44924018573238,0.94621425396355,0.851314240878776,1.13932284271441,1.49197860962567,0.610439157070411
1,M,SIP-L1-2,21.5C,Iso,5D,12:12,Batch9_5Days,1.0641782264645,1.21860489658084,0.977448510890502,0.875637504903884,1.1046711216036,1.65775401069519,0.537593417660009
1,M,SIP-L1-2,21.5C,Iso,5D,12:12,Batch9_5Days,1.01417538000266,0.832577036724356,1.11616535783079,1.00941545704198,0.951103079643965,1.11898395721925,0.817536293320965
1,M,SIP-L1-2,21.5C,Iso,5D,12:12,Batch9_5Days,1.21771637854147,1.60463275643732,1.00041487627797,0.474303648489604,2.03107444624707,1.40909090909091,0.64874122182777
1,M,SIP-L1-2,21.5C,Iso,5D,12:12,Batch9_5Days,1.11418107292635,1.15154073448713,1.09319899244333,0.668889760690467,1.44119950840496,1.28475935828877,0.72202480943812
